id,clinic,title,serviceNum,goodRate,peerRec,patientLike,background,goodat
clinic_web_6908f6f5f8559a8a,2,0,0.023507968136377202,0.36765324261963644,-0.434177641010298,-0.3054863145581097,宜春学院，本科毕业，学士学位,神经系统疾病
cf3c9aee7ddc649f6093,1,1,-0.5269346953993691,0.5859346882102437,-0.434177641010298,-0.500366523153574,普通高校五年制医学教育。中南大学湘雅二医院口腔颌面外科住院医师,口腔颌面部肿瘤，牙龈炎，牙周炎，口腔黏膜病，各类牙髓炎。
ac76b6d0eac96a532823,12,1,-0.36759269507796005,-0.5054725397427772,-0.434177641010298,-0.40142734032818445,本科就读于新乡医学院，研究生就读于大理大学。,男科（阳痿早泄、精索静脉曲张、包皮过长、包茎、阴茎短小、精囊炎、前列腺炎、前列腺增生、男性不孕、龟头炎、泌尿道感染）及泌尿系结石（肾输尿管结石并积水和感染、膀胱结石）。
clinic_web_d2db3229b361d636,2,0,1.6579830871390457,-0.5418527806745476,-0.434177641010298,0.3541082376111543,贵阳医学院2004-2009,消化性溃疡、肝硬化、肠病、肺炎、高血压、骨折、胰腺炎、精神分裂症，慢性支气管炎，慢性阻塞性肺疾病，支气管哮喘等
clinic_web_d3b223964d25890b,3,0,-0.4304425019641779,-0.178050371356874,0.7466539735555718,-0.42841075382601795,2009年7月毕业于赣南医学院临床医学；2012年6月毕业于广西医科大学肿瘤学专业；2018年在中山大学附属肿瘤医院放疗科进修一年，获得优秀进修生称号！,头颈胸部恶性肿瘤诊治以及常见肿瘤的健康咨询比如鼻咽癌、喉癌、舌癌、口腔癌、肺癌、食管癌、乳腺癌、骨转移瘤等。
1ad491926f6f809b10b0,5,1,-0.5529742827282356,0.513174206346708,-0.434177641010298,-0.5303480937067224,研究生学历，医学硕士，擅长四肢及脊柱损伤，膝关节损伤,运动医学及创伤骨科，擅长四肢及脊柱骨折的诊治及术后指导，如颈肩腰腿痛，膝关节损伤，如半月板损伤及关节炎等
clinic_web_c9a0f573b3ec30e6,6,0,-0.3608768891001989,0.44041372448317223,-0.434177641010298,-0.2874973722262207,2002年9月-2007年6月新疆医科大学中医学院本科学习2006年6月-2009年4月新疆医科大学附属中医医院规范化培训2009年4月-至今荆州市中医医院心内科住院医师，主治医师。2018年3月-2018年9月华中科技大学附属同济医院医学重症监护科进修学习,老年病，糖尿病，慢性呼吸系统疾病，高血压，冠心病，心功能不全，心律失常等心血管疾病的中西医的健康指导及用药。帮您解答你所困惑的检查报告，推荐建议需要完善的检查或介绍上级医院的医生和专科。。
59577794ea518fe21628,5,0,0.22453865084803962,0.6950754110055448,-0.434177641010298,0.12624830140722673,就读于河北医科大学医学临床学习，毕业后一直从事临床诊疗工作。,四肢骨折治疗及康复训练颈肩腰背痛疼治疗运动医学韧带损伤治疗。骨关节炎及外科疾病和康复治疗。
clinic_web_cf2d570973c41624,8,0,3.98355265524944,0.44041372448317223,-0.434177641010298,2.8605675358543574,主治医师，西安交通大学硕士研究生毕业,皮肤科常见病诊断及治疗，如皮炎，湿疹，荨麻疹，痤疮（青春痘），牛皮癣，白癜风，手足癣，疣，痣，性病，等，皮肤病理报告的解读及皮肤肿瘤的诊治。
1db01b2196f5518cdcc8,12,0,-0.12328941347185533,-0.9420354309239866,0.7466539735555718,-0.24252501639649812,兰州大学硕士研究生毕业，三级甲等医院泌尿外科工作，一直从事泌尿外科以及男性生殖系统工作！,泌尿外科常见病多发病。泌尿系统结石，肿瘤，前列腺增生，前列腺炎，包皮过长包茎，泌尿系统感染性疾病。性功能障碍等。
bb895d6985447292d180,0,0,0.2344222898341787,-0.10528988949333822,-5.157504099273777,0.7468668118573978,1981年本人毕业于湖北省洪湖市卫生学院，大专学历，1990年至1991年广东省茂名市人民医院进修二年。,前列腺炎，前列腺增生，睾丸炎附睾炎，精囊炎，丶不孕不育，性功能减退（阳瘘、早泄）、男女各类性病（如：支原体衣原体感染、淋病、梅毒、生殖器疱疹、尖锐湿疣等），包皮过长，包皮炎龟头炎。
clinic_web_cbe362ce513b94b1,4,0,2.5916068313681846,-1.2330773583781243,-1.6150092555761677,1.8351978229366834,医学博士，毕业于中国医科大学,妇科炎症，妇科肿瘤，卵巢囊肿，功能失调性出血，妇科内分泌失调，多囊卵巢综合征，不孕不育，宫颈、子宫内膜病变
8a6840caa049118f2075,10,0,-0.3622707356238852,-0.3235713350839403,-0.434177641010298,-0.281501058115591,2008年就读于上海第二军医大学；2016年就读于北京解放军医学院耳鼻咽喉科学硕士研究生（301医院）；,耳鼻咽喉头颈外科的常见病的诊断与治疗，如耳聋、耳鸣，各类鼻炎、鼻窦炎，食道反流、咽炎等治疗，喉癌等诊断。
bb6fa4cdb650ded35d53,6,1,-0.3864729798078924,-2.0698228998087727,-0.434177641010298,-0.43440706793664763,本科毕业于湖北中医药大学，在校期间跟随国医大师梅国强弟子学习伤寒，研究生毕业于广西中医药大学，曾跟随广西中医药大学国医大师韦贵康教授学习,治疗男性阳痿，早泄，肾虚，不育，慢性前列腺炎等疾病；擅长用中医中药调理各方面疾病。
9fa367e6ad9d52f213cd,1,1,-0.4149201202231261,0.4767939654149427,-0.434177641010298,-0.464388638489796,硕士，在三甲专科口腔医院工作学习3年,擅长补牙，根管治疗，牙周治疗，溃疡和念珠菌感染，牙周炎，烤瓷冠，贴面，阻生牙拔除。
clinic_web_9690c510474610f4,3,0,-0.5427738604412586,0.6950754110055448,-0.434177641010298,-0.5183554654854631,肿瘤学硕士研究生毕业，高年资主治医师，临床经验丰富，理论知识扎实。,擅长常见恶性肿瘤的诊断与治疗，如肺癌、食管癌、乳腺癌、鼻咽癌、喉癌、脑胶质瘤、脑转移瘤、结直肠癌、前列腺癌、胸腺瘤与胸腺癌、胃癌等恶性肿瘤的根治性放疗、术后辅助放疗以及放化综合治疗。
clinic_web_aebae7b402099808,6,2,0.39021631718620453,0.622314929142009,0.7466539735555718,0.7168852413042495,毕业于辽宁中医药大学，中医内科研究生学历，副主任医师，现工作于锦州市中心医院。,1.中西医结合治疗冠心病心绞痛，脑血管病，失眠，胃十二指肠溃疡，胆囊炎，性功能障碍，前列腺炎等临床常见病多发病、疑难杂症。2.颈椎病、腰间盘突出和脑血管疾病引起的肢体偏瘫以及骨科术后的关节功能恢复。
566e602ac4dfea9520e9,11,1,-0.5653288314609094,0.6950754110055448,0.7466539735555718,-0.5333462507620372,哈尔滨医科大学外科学硕士,各种皮肤肿物，瘢痕，腋嗅，女性私密整形，植发，面部年轻化，男性乳房发育，隆胸，激光去痣
a41ce8435cc37bf2eb39,13,0,-0.5290254651848986,-1.5241192858322623,0.7466539735555718,-0.5303480937067224,2010年至2015年就读于华中科技大学同济医学院，2015年至2018年就读于复旦大学附属妇产科医院,妇产科常见病，围产期保健，产科合并症的诊治等
clinic_web_069d78ec11400e0d,7,0,0.24893096501254955,0.513174206346708,-0.434177641010298,0.07228147441155967,主治医师，在读博士，华中科技大学同济医学院儿少卫生与妇幼保健学专业本硕毕业,儿童生长发育，喂养，神经发育及心理行为问题筛查评估，矮小症，性早熟，儿科常见病的处理
8db66456bd5d6cd26a39,4,3,0.17600744915968997,0.5859346882102437,-1.6150092555761677,-0.2904955292815355,中国医科大学临床医学本科,从事妇产科工作30年，主任医师
clinic_web_f0c65774431c9e63,8,2,-0.2634977024226618,0.622314929142009,-0.434177641010298,-0.20055081762209043,2008年毕业于北京协和医科大学，获医学博士学位|2011-12年在美国GeorgetownUniversity的微生物与免疫系做访问学者,湿疹、痤疮、银屑病、天疱疮、血管炎、白癜风、斑秃、手足癣、扁平疣、寻常疣、尖锐湿疣、梅毒、淋病、非淋菌性尿道炎、性病艾滋病恐惧症等常见皮肤病和性病，以及皮肤深部真菌感染、红斑狼疮等结缔组织病等罕见皮肤病的诊治
c3aac6a0beffc618fea9,3,0,-0.5576626755806349,-0.28719109415217503,0.7466539735555718,-0.37744208388566575,2008.9—2013.6华北煤炭医学院本科2020.10—至今河北医科大学研究生,擅长肿瘤及血管和肝脏疾病的诊断和治疗，三甲医院主治医师，工作经验丰富，欢迎咨询！
clinic_web_1b1a9ea1b1988769,0,0,-0.13659431210704256,-0.28719109415217503,-0.434177641010298,-0.19455450351146075,男科硕士研究生，毕业于河南中医药大学，曾在河南省中医院，河南省人民医院进修学习，临床经验丰富。2006年~2011年河南中医药大学，中医学本科2011年~2014年河南中医药大学，男科硕士研究生2014年~至今焦作市中医院男科，河南理工大学第一附属医院男科,擅长中西医结合治疗男科常见病（阳痿，早泄，射，慢性前列腺炎，精囊腺炎，不育，弱精子症，畸形精子症，少精子症，不液化，精索静脉曲张，阴茎硬化性淋巴管炎，梅毒，生殖器疱疹，淋病，尖锐湿疣等）及男科疑难病。
clinic_web_5ad3b1675138c170,12,1,0.0950376374655505,-1.7787809723546348,0.7466539735555718,0.060288846190300324,临床医学专业，三级甲等医院外科工作。,外科常见病，多发病，包括阑尾炎，肠梗阻，疝气，结直肠良性肿瘤，大肠息肉，结肠癌，直肠癌，溃疡性结肠炎，藏毛窦以及各种肛门疾病（痔疮、肛裂、肛瘘、肛周脓肿，肛乳头瘤），便秘。
clinic_web_280a24e4af96f16d,4,0,-0.4224595627830655,-2.7610474775123546,-8.699998942971387,-0.5213536225407779,硕士研究生学历,擅长妇产科肿瘤诊疗如子宫肌瘤，卵巢肿瘤，妇科炎症等。必将尽我自己最大努力去帮助患者！
clinic_web_0da675abd0cb3e26,9,3,2.3257622853051103,0.2948927607561059,0.7466539735555718,3.924913290491124,南京中医药大学附属江苏常州市中医院主任中医师，教授、江苏省中医药学会眼科专业委员会常务委员,从事中医眼科临床和科研25年，学术上审慎严谨、锐意进取，具有深厚的中医眼科理论功底，擅长中西医结合治疗各种疑难眼病，如干眼症、角膜病、青睫综合症、葡萄膜炎及各种复杂性眼底病。
clinic_web_c350d0548a3e55cf,8,0,1.431292957059522,0.6950754110055448,0.7466539735555718,1.220575626597142,盛宇俊，医学博士、主治医师、副教授、硕士研究生导师。香港大学和英国伦敦国王学院访问学者。中华医学会皮肤性病学分会青委会委员；中华预防医学会皮肤病与性病防控专业委员会科普教育学组委员兼秘书；中国医学装备人工智能联盟皮肤病专委会专家委员。2013年3月至2013年6月受公派赴香港大学李嘉诚医学院留学进行学术访学，2015年6月至2016年6月公派赴英国伦敦国王学院留学，在伦敦国王学院Guy'sHospital做访问学者。盛医生长期从事皮肤病与性病的临床医疗和科研教学工作，（先后在香港大学李嘉诚医学院，英国伦敦国王学院，安徽医科大学第一附属医院等工作学习）。,长期工作在临床一线，擅长各种皮肤病和性病，包括尖锐湿疣，梅毒，艾滋病，HPV病毒感染，生殖器疱疹，淋病，衣原体或支原体感染，非淋性尿道炎，包皮龟头炎，外阴溃疡，生殖器感染，病毒性皮肤病，真菌性皮肤病，皮肤肿瘤，以及脱发，白癜风，痤疮，荨麻疹，湿疹，皮炎，过敏性皮肤病都有丰富的临床诊疗经验。
clinic_web_ea54d97036b3b8ca,7,0,-0.44564810040439184,-0.6873737444016139,0.7466539735555718,-0.48537573787699984,医学硕士毕业，从事儿科专业数年,儿童常见疾病，如肺炎、支气管炎、川崎病、传染性单核细胞增多症、腹泻病等等，欢迎您的咨询
clinic_web_5f302a7cba4368f4,7,0,-0.2728744881274604,0.6950754110055448,0.7466539735555718,-0.06263559307760795,首都医科大学小儿外科硕士学位,感谢信任线上咨询服务提供小儿普外科、肛肠科、皮肤科、骨科以及泌尿外科常见病的诊断和治疗建议，详见如下：儿童肛裂肛周脓肿肛瘘痔疮便血结肠息肉幼儿急疹咳嗽，腹泻（乳糖不耐受牛奶蛋白过敏），便秘头部外伤、皮肤裂伤，外伤，腹股沟斜疝，疝气，鞘膜积液隐睾尿道下裂肾积水脐疝幽门肥厚性狭窄胆总管囊肿巨结肠包茎包皮过长包皮炎尿路感染小阴唇粘连膀胱炎肠胀气肠绞痛腹痛蚊虫叮咬湿疹，皮肤过敏反应小儿呼吸道、消化道及泌尿系统和皮肤科等常见疾病咨询，尤其在儿童血管瘤、淋巴管瘤、瘢痕激光治疗、黑色素痣、手足并多指畸形等领域深入研究。体检报告解读，手术和麻醉事宜疑问解答，另外对于皮肤外伤后的治疗以及瘢痕预防尤为关注。
ab7609754c48c196c486,13,0,-0.2902975696735389,0.6950754110055448,-0.434177641010298,-0.17656556117957173,2011年至2016年于重庆医科大学第一临床学院(硕士-博士连读)完成学业，获临床医学博士学位,擅长孕期营养，孕期保健，流产，早产，胎盘植入等妊娠期疾病的诊疗，妇科良性，恶性肿瘤，宫颈疾病
clinic_erke_linxiao,8,2,-0.5330169347754548,-0.3963318169474761,0.7466539735555718,-0.5183554654854631,复旦大学上海医学院硕士原复旦大学附属华山医院皮肤科主治医生上海交通大学附属儿童医院皮肤科主治医生,婴幼儿血管瘤、各种胎记、湿疹、荨麻疹、白癜风、过敏、皮肤真菌病毒感染等各种常见皮肤病。
clinic_web_022812ccefca030a,10,0,-0.5029858778560321,0.44041372448317223,-1.6150092555761677,-0.48537573787699984,湖北科技学院毕业，曾在北京清华大学，同济医学院附属医院进修学习,耳鼻喉科常见疾病，鼻炎，过敏性鼻炎，鼻息肉，鼻窦炎，咽喉炎，扁桃体炎，声带息肉，声带炎，声带功能性病变，中耳炎，耳鸣，眩晕，耳聋，阻塞性睡眠呼吸暂停综合征等等。
7c928c23c84be1db0823,7,0,-0.4083310275657,0.5859346882102437,-2.7958408701420376,-0.4493978532132218,上海交通大学医学博士。上海市第六人民医院主治医师。毕业于上海儿童医学中心，曾进修于复旦大学附属儿科医院。从事儿科学工作10年，擅长各类儿科疾病。,擅长小儿发热，咳嗽，哮喘，小儿湿疹，消化不良，泌尿道感染，小儿多动症，小儿发育落后，过敏性疾病，感染性皮疹，先天性心脏病等。
clinic_web_7321eee083a00107,3,2,-0.5205990293826133,-0.06890964856156775,-0.434177641010298,-0.446399696157907,赵苇苇，副主任医师。本科毕业于华中科技大学同济医学院，同年免推保送至复旦大学硕博连读，毕业后留校工作至今。2018年晋升为肿瘤学副主任医师。目前担任中国研究型医院肠外肠内营养学专业委员会青年委员，上海市抗癌协会癌症康复与姑息治疗专业委员会青委会常委，上海市医学会疼痛学分会青年委员，上海市疼痛学专科分会癌痛学组组员，上海市抗癌协会传统医学专业委员会青年委员。长期从事晚期肿瘤综合治疗及肿瘤相关症状控制处理，有十余年临床工作经验，注重改善肿瘤患者生活质量的同时延长患者生存。作为项目负责人主持国家自然科学基金1项，并参与多项国家级及上海市级科研项目。曾获得博士研究生国家奖学金、上海市优秀毕业生、上海市优秀住院医生等荣誉。主持的“临终关怀晚期肿瘤患者预期生存模式研究及推广”项目获得上海市抗癌协会科技奖三等奖。第一作者先后在国际及国内权威期刊发表学术论文30余篇，国外SCI收录论文10余篇，参与《临终关怀学概论》、《老年麻醉与围术期处理》等著作编写。（专家门诊：周一下午）,晚期肿瘤的综合治疗（肺癌、胃癌、肠癌、肝癌、胰腺癌、食管癌、卵巢癌、宫颈癌、子宫内膜癌、前列腺癌、肾癌、膀胱癌、乳腺癌、甲状腺癌、鼻咽癌等）
clinic_web_baac88ef7892ad69,10,3,0.23923739600691313,0.18575203796079964,-1.6150092555761677,0.8997728216784544,82年毕业于苏州医学院。从耳鼻咽喉专业33年有丰富的经临床经验。,擅长鼻科相关疾病的诊治，如鼻炎，鼻窦炎，鼻中隔疾病，鼻肿瘤的药物和内窥镜手术治疗，擅长咽喉疾病和肿瘤的诊治。如咽部异物感，声音嘶哑药物治疗。喉，咽良恶性肿瘤的手术治疗。
3634df57a076fd47484b,1,1,-0.02236225382493499,0.6950754110055448,-0.434177641010298,0.021312804471207456,毕业于山东省潍坊医学院，实习于山东省立医院口腔科，有着丰富的口腔临床经验,各类口腔颌面部疾病的诊断与治疗，比如口腔颌面畸形等！以及一些牙齿常见疾病，包括牙髓炎的诊断与治疗，牙周病的诊断与治疗，烤瓷牙修复，种植牙的常见问题分析与解答以及各种牙齿的拔牙指证及注意事项！口腔粘膜疾病的诊断与治疗。
clinic_web_1e21e9b2f443099c,10,1,-0.22884160931100742,0.6950754110055448,-0.434177641010298,-0.29949000044748003,2009-2014中南大学湘雅医学院临床医学本科2014-2017中南大学湘雅医院耳鼻咽喉头颈外科学硕士2017-至今中南大学湘雅医院耳鼻咽喉头颈外科学博士,耳鼻咽喉头颈外科常见病诊治。慢性鼻炎，过敏性鼻炎，鼻出血，鼻窦炎，鼻腔鼻窦肿瘤，外耳道炎，中耳炎，耳鸣，耳聋，声带小结、息肉，咽喉肿瘤，鼾症，甲状腺疾病等。
clinic_web_701066a17004c897,7,0,-0.43297676837088017,0.6950754110055448,-0.434177641010298,-0.45239601026853665,本人毕业于重庆医科大学儿科系，现工作于天津儿童医院，有一定的临床经验！,本人擅长于小儿呼吸道及新生儿科常见疾病，如上呼吸道感染，支气管炎，肺炎，发热，皮疹，呕吐，腹泻，新生儿黄疸，热性惊厥，儿童的护理和保健等。
c9dd73a3d37ac5b26bff,5,0,-0.2801605040467296,0.6950754110055448,0.7466539735555718,-0.12559689123921952,临床医学博士学历，重庆医科大学讲师，南方医科大学（原中国人民解放军第一军医大学）八年制博士毕业。师从中华医学会骨科学分会关节外科学组委员、广东省关节外科学会主任委员、南方医科大学附属南方医院关节与骨病外科主任史占军教授学习骨关节外科、运动医学，后师从重庆医科大学附属儿童医院骨二科主任医师覃佳强教授学习小儿骨科。擅长小儿骨科创伤、骨折及感染、肿瘤等临床常见疾病的诊治，特别擅长小儿骨折手法复位，复位成功率在90%以上。已发表论文7篇，其中CSCD论文（国内核心期刊）5篇，SCI论文（国际学术期刊）2篇。多次受邀至北京中华医学会骨科学术会议进行学术交流并作学术汇报演讲。,儿童髋膝关节滑膜炎，儿童股骨头坏死，发育性髋关节脱位(双侧臀纹不对称)，各类型小儿四肢、脊柱等骨折，先天性手足畸形、多并指畸形，脊柱侧弯，肌性斜颈，X、O型腿，腱鞘炎，骨囊肿、骨纤维皮质缺损、纤维结构不良、骨软骨瘤等良恶性骨肿瘤，成骨不全，马蹄足等各类型小儿骨科疾病
41c93ed0d4fc61bd2252,0,1,-0.4873367827946452,0.6586951700737795,0.7466539735555718,-0.37444392683035094,医学硕士研究生，中共党员，陕西省优秀硕士研究生、陕西省优秀党员、中国抗癌协会会员、陕西省保健协会泌尿与男性生殖分会会员、春雨互联网品牌医生。于第四军医大学西京医院泌尿外科工作3年，陕西省人民医院工作至今。主要从事泌尿及男性生殖工作。在2018年第六届全军及武警泌尿外科及男科学术会议、2019中国整合医学大会整合泌尿外科及男科学论坛、陕西省医师协会男科医师分会2019学术年会、2019首届西京泌尿高峰论坛、2020中国医师协会男科分会男性生殖系统肿瘤论坛等国内大型学术会议上投稿并公开进行泌尿及男科学术交流。,擅长前列腺炎、血精、尿频尿不尽、勃起功能障碍（阳痿）、早泄、精囊炎、少弱精子症、不孕不育、包皮过长、精索静脉曲张、阴茎短小、阴茎弯曲、阴茎硬结、包皮龟头炎、淋病、非淋菌性尿道炎、泌尿系感染、尖锐湿疣、淋病等常见病的综合诊疗。
e3464ba0b3fb1a2c934a,11,0,-0.5277583319815474,0.6950754110055448,0.7466539735555718,-0.482377580821685,德国医学博士，上海交通大学博士后，曾获WHS“YoungInvestigatorAward”等，受邀10余次于国际大会发言。,眼整形、鼻整形、乳房整形、腹壁整形、耳整形、瘢痕、痣、肉毒素、微整形、年轻化、创面修复等各种修复美容手术
clinic_web_e2439dd59a9fef1f,10,3,-0.07355443524032208,-1.4149785630369611,-1.6150092555761677,-0.3564549844984619,1976年毕业于皖南医学院本科，1993年赴上海医科大学附属耳鼻喉科医院（现复旦大学眼耳鼻喉科医院）进修一年，师从王正敏教授。2009年被评为主任医师（马鞍山市地区迄今为止唯一）。,自73年在马鞍山市人民医院耳鼻喉科执业至今已有46年之久，为无数患者排忧解难且从未有过任何医疗错误。在本地区本行业一直是权威。除参与各类耳鼻喉科临床手术诊疗之外，擅长耳鼻喉科疑难杂症的诊治，尤其擅长神经性耳聋，慢性症如咽炎鼻炎等，对耳鼻喉科各种慢性病各类耳聋的诊断有独特见解。
clinic_web_40abd8112353d80b,0,2,-0.1384950119120693,0.6950754110055448,0.7466539735555718,-0.21554160289866459,"本科学历,毕业于原山东医科大学临床医学专业,于1997年从医，山东省性学会会员。",男性不育症，性功能障碍、前列腺炎、前列腺增生等男性生殖健康相关疾病，计划生育技术和生殖医学方面咨询和指导
ba7d508755a973a1e459,10,0,-0.3966734020948693,0.6950754110055448,-0.434177641010298,-0.38044024094098056,硕士研究生毕业。后于威海地区三甲医院工作多年，已通过国家医师规范化培训，已通过主治医师考试，并于国内知名耳鼻喉医院进修学习耳鼻喉疾病及眩晕病。,擅长鼻骨骨折，鼻中隔偏曲，耳眩晕，中耳炎，耳鸣，耳聋，扁桃体炎，鼻炎等耳鼻喉疾病的诊治
clinic_web_27aec98e7859f9bc,0,3,1.0775727233440442,0.5859346882102437,-0.434177641010298,2.0570614450299813,本科,男性不育，前列腺疾病，性功能障碍，性病性心理方面的问题等等。多次参加全国男科学术会议并交流经验。有丰富的男科疾病治疗临床经验。发表泌尿男科文章多篇。小儿泌尿外科疾病如泌尿生殖器官系统疾病的诊治和指导，如多囊肾肾积水两性畸形性发育异常以及小儿尿频尿急疾病的诊治。
clinic_web_eba2203ca542e528,3,0,0.6194407136724304,0.6950754110055448,0.7466539735555718,1.5413784315158294,2007年毕业于济宁医学院，曾在省肿瘤医院进修放疗专业一年。,各种恶性肿瘤的诊断与治疗，比如食管癌，肺癌，乳腺癌，胃癌，结直肠癌，肝胆肿瘤，头颈部肿瘤等恶性肿瘤，对各种肿瘤引起的骨转移，脑转移的姑息治疗
5b3212d92d56978ee788,11,1,-0.3094312810441415,0.513174206346708,0.7466539735555718,-0.4883738949323147,医学学士，曾在武汉协和整形美容医院学习深造，从事整形美容科多年！,擅长整形外科的常见疾病的治疗如面部肿物，烧伤，皮肤缺损，手外伤，先天性畸形，疤痕整形等，美容外科手术也有着丰富的经验如重睑术，隆鼻术，隆胸术，面部除皱，面部截骨整形，面部填充术等。
clinic_web_997f956a45bc2510,9,0,-0.25342399345602,0.6950754110055448,0.7466539735555718,-0.1585766188476827,北京大学医学部博士，美国眼科排名第一的BascomPalmer眼科医院访问学者,近视矫正手术，高度近视眼底病变，白内障，干眼症，青光眼，玻璃体浑浊，眼底出血，黄斑变性，结膜炎，角膜炎，视网膜脱离
clinic_web_401dd3d5cb34058e,4,1,0.46079563661286443,-0.9056551899922212,-0.434177641010298,0.1742188142922641,毕业于黑龙江中医药大学，硕士研究生,子宫颈病变及子宫HPV感染，阴道炎，盆腔炎，复发性流产，孕前咨询，不孕症，月经不调，多囊卵巢综合症，卵巢早衰，功血，激素替代治疗等妇科疾病
clinic_web_bff377208cdf2f44,11,0,-0.33553422503317554,0.622314929142009,0.7466539735555718,-0.29949000044748003,硕士，解放军医学院（解放军总医院）,面部整形美容，包括重睑、开眼角、提眉、眼袋、隆鼻、畸形鼻矫正、自体脂肪填充等手术，及肉毒素、玻尿酸等打针注射等。同时擅长疤痕增生的预防和治疗，色素痣、太田痣、皮脂腺痣、葡萄酒色斑、血管瘤、皮脂腺囊肿、及体表肿物、肿瘤等。
fc91e63e12099cd481da,2,1,-0.24841881730278292,-1.1239366355828233,-0.434177641010298,-0.3114826286687393,硕士研究生学位，毕业于吉林大学白求恩第一医院胃肠内科，985、211院校。中国抗癌协会会员。,擅长消化道肿瘤、早癌、幽门螺杆菌、胃食管反流病、急慢性胃炎、消化性溃疡、肝脏疾病、消化道出血等消化系统疾病的诊治。
765158900aaa57c9a43d,10,2,-0.4818881100202352,0.6950754110055448,-0.434177641010298,-0.41042181149412893,2006年毕业于齐齐哈尔医学院眼耳鼻喉专业2014年毕业于河北医科大学耳鼻咽喉头颈外科学专业先后于解放军总医院，浙江大学附属第二医院，华西医院等医院参观学习。,擅长鼻炎，咽炎，中耳炎，听力下降，特别是甲状腺癌、喉癌、颈部肿块、甲状舌管囊肿、颌下腺肿物、腮腺肿物、鼾症、慢性扁桃体炎、小儿腺样体肥大、声带息肉、鼻窦炎鼻息肉、鼻出血、过敏性鼻炎、耳聋、耳鸣、新生儿耳廓畸形矫正等等！
9324a9936e0ba420ea0a,6,2,-0.5185716162572515,0.6950754110055448,0.7466539735555718,-0.4883738949323147,医学硕士,医学硕士，副主任医师；擅长针、灸、药综合治疗面瘫，中风，颈肩腰腿痛，男性阳痿、早泄、不育症（少精、弱精症），盆底功能障碍性疾病等。
bbd6f277cac711b79b27,6,1,-0.19000397662829419,0.22213227889257012,-1.6150092555761677,-0.3834383979962954,本科及研究生皆毕业于广西中医药大学，从事现代医疗数年经验不断累积。,擅长运用中西药针灸诊疗男性相关疾病如阳痿早泄等常见病、感冒、咳嗽、消化不良等肺系、脾胃系的中医调理
04bf960adee1366e5e45,6,0,-0.0774825481707107,0.6950754110055448,0.7466539735555718,0.4230658498833955,医学博士，博士与硕士毕业于中国中医科学院泌尿男科专业，具有丰富的临床诊治泌尿男科疾病经验。,中医学博士，擅长早泄，阳痿，性病，前列腺炎，前列腺增生，泌尿系结石，泌尿系肿瘤，膀胱癌，前列腺癌，附睾炎，不育症，肾阴虚和肾阳虚等肾虚引起的性功能障碍以及中医调理身体。
clinic_web_eacd8032957b78c5,4,2,-0.36163716902220955,-1.0147959127875223,-0.434177641010298,-0.39543102621755477,本科毕业，副主任医师，从事妇产科临床工作二十八年，多次去上级医院进修学习。,妇科常见病多发病的诊治，不孕不育，月经不调，避孕节育，人流药流，避孕方式的选择。避孕药物的应用。早孕诊断，推算受孕时间。阴道炎，宫颈炎，盆腔炎的诊治。
clinic_yk_sunyi_2-13145782229,9,0,0.5059055786521659,0.6950754110055448,-0.434177641010298,0.18021512840289378,主治医师，中山大学中山眼科中心博士。,擅长：白内障、飞蚊症、眼底病（糖尿病视网膜病变，玻璃体积血，黄斑病等），青光眼，翼状胬肉，角膜炎，霰粒肿、麦粒肿、结膜炎、屈光不正、弱视、葡萄膜炎等眼病诊治，以及超声乳化白内障摘除＋人工晶体植入术、玻璃体切除术、视网膜激光光凝术、复合式小梁切除术、翼状胬肉切除＋羊膜移植术等眼科手术。
9ddeed7851fc212439eb,4,0,-0.388690462913757,-0.1416701304251035,-0.434177641010298,-0.45539416732385146,空军特色医学中心妇产科工作,卵巢囊肿、子宫肌瘤、痛经、HPV感染、宫颈病变、阴道出血、阴道炎。微创手术、腹腔镜、宫腔镜、宫颈锥切。
7328a594f1773c2619d1,4,0,-0.4930388822097254,-4.689200246896024,-0.434177641010298,-0.5273499366514075,中山大学临床医学毕业，在三甲妇幼保健院从事妇产科临床工作多年,妇科常见病多发病，月经失调，卵巢囊肿，子宫肌瘤，子宫内膜异位症，子宫腺肌症，妇科肿瘤，如侵蚀性葡萄胎，绒癌，宫颈癌，子宫内膜癌，卵巢癌等。产科妊娠合并心脏疾病、甲状腺机能亢进、妊娠期糖尿病、前置胎盘、胎盘早剥、胎儿生长受限等疾病的诊治
clinic_web_fdedef5a28bc8406,4,0,0.015018175673924394,0.5859346882102437,-0.434177641010298,-0.2844992151709058,1996年妇幼专业毕业至今一直从事妇产科工作,妇产科常见病及多发病诊治
283114713d42f54f2bde,1,1,-0.5217394492656293,0.44041372448317223,-0.434177641010298,-0.5183554654854631,重点医学本科毕业，目前进行住院医师规范化培训,擅长口腔内科：掌握龋病、非龋性疾病、牙髓病及根尖周病的诊治；掌握牙龈炎、牙周病的诊断以及基础治疗；熟悉常见口腔黏膜病的诊治。口腔修复科：掌握牙体缺损、牙列缺损和牙列缺失的常规诊治。口腔外科：掌握复杂牙拔除术，熟悉良恶性肿瘤以及外伤的诊断。口腔正畸：熟悉矫正相关知识！
21ba466c290048efabfa,8,0,-0.42258627610340066,0.6950754110055448,0.7466539735555718,-0.3474605133325174,硕士研究生，毕业于成都中医药大学医学美容专业,痤疮、敏感性皮肤、激素依赖性皮炎、玫瑰痤疮、白癜风、雀斑、黄褐斑、脂溢性皮炎、湿疹、瘙痒症、荨麻疹等皮肤病的治疗以及皮肤的光电美容治疗
96fe41f73a32ca937e24,9,2,-0.25069965706881503,0.4767939654149427,-0.434177641010298,-0.41042181149412893,1998-2003年就读于西安交大医学院,眼科常见病的诊断及治疗，如白内障，青光眼，眼表疾病，翼状胬肉，黄斑变性，视网膜静脉阻塞，糖尿病性视网膜病变，屈光不正等疾病。
clinic_web_e17cd3ee3b15ddb2,12,0,-0.5135664401040143,0.33127300168787116,0.7466539735555718,-0.4733831096557405,本科毕业于泰山医学院，进一步在徐州医科大学攻读硕士研究生，毕业后在滕州市中心人民医院神经外科开展临床工作。2017年师从山东齐鲁医院张良文教授学习三叉神经痛的系统治疗。2018年在北京协和医院神经外科，跟随王任直主任，姚勇主任学习垂体瘤的显微切除、经鼻内镜切除。2019年到美国霍普金斯医院交流访问。,各种类型的颅脑外伤各种类型的脑出血大脑凸面的脑膜瘤胶质瘤的规范化治疗三叉神经痛的规范化治疗面肌痉挛的手术治疗
clinic_web_622f46f4fc3799db,3,0,-0.4460282403653972,0.22213227889257012,0.7466539735555718,-0.4583923243791663,安徽医科大学肿瘤学博士，美国莫尔豪斯医学院访问学者,肺癌，乳腺癌，胃癌，食管癌，结肠癌，直肠癌，恶性淋巴瘤，肉瘤，骨肉瘤，各种实体瘤的化疗，靶向治疗等
clinic_web_87fc479228a24431,2,0,0.3138081850241292,-6.944775184665601,-0.434177641010298,0.1172538302412822,2006年～2011年辽宁中医药大学中西医结合专业学士学位2011年～2014年辽宁中医药大学中西医结合临床内分泌专业硕士研究生学历2014年至今辽宁中医药大学附属医院工作。,糖尿病，糖尿病周围神经病变，糖尿病肾病，糖尿病性冠心病，糖尿病胃肠神经病变等慢性并发症，妊娠糖尿病，甲亢，甲减，更年期综合征，痛风，代谢综合征，月经紊乱，郁证等内分泌代谢疾病。中西医结合治疗各种代谢类疾病。
8de7060397477d18d5a7,12,0,-0.4376651612232795,-0.2508108532204046,-0.434177641010298,-0.4134199685494438,苏州大学泌尿外科硕士，中国人民解放军总医院（301医院）3年工作经验，擅长泌尿外科常见疾病的诊疗。,擅长前列腺增生，急慢性前列腺炎，泌尿系结石，尿路感染，勃起功能障碍，男性不育，泌尿系肿瘤等泌尿外科常见疾病的诊疗。
clinic_web_d1cc34b17ae9c899,2,0,-0.1974167058678985,0.6950754110055448,0.7466539735555718,0.006322019194633274,主治医师，三级健康管理师，从事心血管内科十余年，河南省中西医结合学会脑心同治分会、河南省微循环学会高血压分会委员，先后发表论文两篇、参与《临床心内科疾病诊治学》编著。2010.5至2014.10周口市中心医院2014.10至今郑州人民医院心血管内科二病区,擅长高血压的诊断治疗，胸痛、胸闷的鉴别诊断，急慢性心衰的诊断治疗，冠心病治疗及心肌梗死的急救，心脏病康复治疗及院外管理，尤其在严重慢性心衰、顽固性高血压诊治方面具有丰富的临床经验。
clinic_web_547e0b3d13054c57,2,0,-0.2966965923504623,0.36765324261963644,0.7466539735555718,-0.3984291832728696,硕士，神经内科方向,神经系统疾病，如中风偏瘫，麻木，头痛头晕，老年痴呆症，帕金森病，面瘫，失眠，焦虑，抑郁等
clinic_web_088950e370102d4f,1,3,-0.36379129546790656,0.6950754110055448,0.7466539735555718,-0.27250658694964647,北京大学医学博士，曾赴日本、英国学习，并在英国伦敦盖伊医院工作,口腔颌面部肿瘤、腮腺混合瘤、颌骨囊肿、口腔颌面部囊肿、舌下腺囊肿、舌癌、口腔粘膜病、口腔溃疡、口腔扁平苔癣、口腔颌面部血管瘤、舌系带过短、牙髓炎、智齿冠周炎等口腔颌面外科疾病的诊治，口腔颌面部及头颈部缺损术后修复，口腔颌面部疾病的微创治疗
clinic_web_ab3b18892df038ff,4,2,1.894620212864876,0.4767939654149427,-0.434177641010298,0.2821524682835982,1995年毕业于河北医科大学。,"妇科，产科常见病多发病，儿科常见病，多发病，尤其擅长不孕不育，阴道炎、慢性宫颈炎,子宫肌瘤,卵巢囊肿。无痛人流，无痛分娩。孕前指导。早产，流产，盆底康复。"
d31561ab645f72862f53,1,1,-0.5660891113829202,0.6950754110055448,0.7466539735555718,-0.5303480937067224,中南大学湘雅二医院住院医师,1牙龈出血，口臭，牙齿松动2牙痛，虫牙，牙齿有黑洞3智齿，（最里面牙齿疼痛发炎）4口腔肿物，唇舌颊粘膜异常5牙齿不齐，地包天
clinic_web_c9151da91ba01075,12,1,-0.11942465720163427,0.003850833301962831,0.7466539735555718,-0.05963743602229312,硕士研究生毕业，一直致力于临床一线工作，有丰富的临床经验，扎实的临床知识，目前公开发表多篇核心期刊论文。,擅长骨科疾病诊治，骨科常见病多发病，颈肩腰腿痛，颈椎病，腰椎间盘突出，腰椎管狭窄，腰椎滑脱，四肢创伤骨折，骨质疏松，骨关节炎等疾病诊治
clinic_web_09834e9b56fa2749,9,3,-0.31487995381855155,-0.8692749490604508,0.7466539735555718,-0.3144807857240542,1997-2005第四军医大学医学学士、硕士；2008-2011解放军总医院医学博士,儿童眼表疾病、霰粒肿、近视防控、过敏性结膜炎、斜视弱视、角膜塑形镜验配、干眼症、上睑下垂、屈光性眼病等儿童眼病诊治，完成霰粒肿、翼状胬肉切除、斜视矫正、上睑下垂、羊膜遮盖、角膜移植、白内障等眼部手术近千例。
clinic_web_1ea55fa89748d100,7,1,-0.5325734381542818,0.4040334835514069,0.7466539735555718,-0.5123591513748333,北京大学医学部在读博士,儿童感染性疾病，包括呼吸道感染，发热出疹性疾病，小儿腹泻，神经系统常见病，包括热性惊厥，癫痫和发育迟滞等
9a0275041b414baaaecf,5,1,-0.5353611312016544,0.003850833301962831,0.7466539735555718,-0.5243517795960927,2019年于贵州医科大学获得硕士学位，2019至今在武汉协和医院骨科完成住院医师规范化培训。,骨性关节炎，强制性脊柱炎，髋关节发育不良，类风湿性关节炎等关节疾病，膝关节内外翻畸形矫正及相关治疗。
clinic_web_370fc73ab1a4542c,7,3,-0.5266179120985314,0.33127300168787116,0.7466539735555718,-0.39543102621755477,1985年毕业于青岛医学院儿科学系，1988协和医科大学/首都儿科研究所硕士毕业，2006首都医科大学获博士学位；1994～1996以色列Technion大学心血管Fellow，1998～2000香港中文大学进修及Croucher访问教授，2000～2002芝加哥大学小儿心血管副研究员。曾任首都儿科研究所附属儿童医院心内科副主任及大内科副主任，北京儿童医院心脏中心副主任、心内科主任，北京儿童医院院长助理，北京儿童医院顺义妇儿医院执行院长，北京儿童医院科研处处长、国际合作发展处处长、教育部儿科重大疾病重点实验室主任、国家医学临床研究中心（北京儿童医院）副主任，兼任全国妇幼健康研究会儿科能力建设专委会主任委员，中华医学会儿科川崎病组副组长，北京医学会儿科分会第一二届心血管组副组长等职。,儿科疾病，尤其是小儿心血管疾病的的临床诊治及研究，包括川崎病、心肌炎、心肌病、先天性心脏病、各类早搏传导阻滞等心律失常、晕厥等。其中对川崎病的流行病学、发病机制及冠状动脉合并症的诊治研究居世界前沿水平，尤其是对川崎病合并管状动脉瘤患儿的远期管理有丰富的经验，建立了世界上最大的川崎病合并管状动脉瘤长期干预队列。
3d911f416d3a7ed13ca6,4,3,-0.24797532068161002,-0.03252940762980246,-1.6150092555761677,-0.4404033820472773,大学本科,从事妇科工作27年，有丰富的临床经验。
1c737efc31227479c8ae,2,1,-0.28269477045343194,-0.3963318169474761,-0.434177641010298,-0.3564549844984619,我经过5年本科，3年硕士以及合并的3年医师规范化培训，有很好的临床经验，能够诊治一般常见病，可以做胃镜，一般诊疗,擅长消化内科一般常见病的诊治，比如胃炎，十二指肠疾病，腹泻，便秘以及腹痛的诊治，还有胃肠镜的解读以及治疗等，在临床上对胰腺炎胆囊炎阑尾炎肝病都有自己一定的认识
c7d23ffbc4a922f3f1b8,2,1,-0.38203801359616335,-5.926128438576116,-0.434177641010298,-0.4673867955451108,07年就读于安医大本硕专业，14到16年上海参加住院医师规范化培训，16年至今工作于我院感染科,发热，病毒性肝炎及各种感染性疾病
2efcff0d8d2d3059ab99,8,1,-0.4532508996244988,0.513174206346708,-0.434177641010298,-0.4733831096557405,南方医科大学本科四川大学华西医院研究生,擅长诊断皮肤科常见如银屑病、特应性皮炎、痤疮、斑秃，雄性脱发、系统性红斑狼疮，性传播疾病(包括尖锐湿疣、梅毒、生殖器疱疹、淋病、非淋性尿道炎)，皮肤良恶性肿瘤等疾病。
clinic_web_3f347c1ecabd580b,1,0,0.40124037605535967,-0.03252940762980246,-0.434177641010298,-0.15557846179236787,济宁医学院口腔医学专业本科昆明医科大学口腔医学研究生,口腔溃疡、龋坏、颞下颌关节病、牙髓炎、牙龈炎、牙周炎、根尖周炎、牙龈萎缩、智齿冠周炎、颌骨骨折、牙痛、颌面部畸形、面部包块、阻生智牙、颌面部肿瘤、口腔癌、面部感染、牙体缺损、牙列不齐、种植牙、口腔疾病、腮腺炎、口腔炎、白斑、马牙等等。
clinic_web_dd40e5cd3bd23b70,11,0,-0.5407464473158968,0.6950754110055448,0.7466539735555718,-0.4973683660982592,2008年毕业于西安交通大学医学院，后于上海交通大学附属第九人民医院、北京大学附属医院进修交流，中华医学会整形分会会员，发表论文数篇。,擅长于仿真无痕重睑术、眼袋、假体自体软骨鼻综合整复、脂肪抽吸及自体脂肪干细胞移植、面部除皱、电子吸脂、减肥塑形、毛发移植，隆胸、会阴部整形美容、肉毒素、玻尿酸注射美容等整形美容手术。
clinic_web_5b96cae6ec3bff51,1,2,1.9515144936953432,-0.3235713350839403,0.7466539735555718,0.13524277257317122,本人毕业于北方医科大学口腔医学系，曾去首都医科大学附属口腔医院口腔科进修学习，,口腔常见疾病，比如牙体牙髓病的诊断治疗，牙周炎的诊治‚牙齿矫正，牙齿拔除等，对于现代根管及牙齿美冠修复有治疗经验。24小时在线，可以随时为您解决疑难问题，欢迎更多的朋友关注。
0ef7fef4a96675e72efe,11,0,-0.5086246206109448,-0.9056551899922212,-0.434177641010298,-0.4973683660982592,整形外科资深主治，专业硕士毕业，2019年担任外科总住院，2019年荣获科技进步二等奖。,"个性化双眼皮，开眼角，无痕切眉，眼袋，瘢痕修复，微创法去腋臭，体表肿物切除后修复，瘢痕疙瘩的修复治疗,外伤后畸形修复治疗2.无痛肉毒素除皱，瘦脸，瘦小腿，痤疮，青春痘，多汗症，玻尿酸填充、外院填充后不良反应的处理。畸形的修复（招风耳、重唇等）、女性私密整形（小阴唇肥大等）."
134980afe1bcf5ff62dc,1,0,-0.49107482574453115,0.622314929142009,0.7466539735555718,-0.4943702090429444,毕业于山东第一医科大学，毕业后在聊城市人民医院住院医师规范化培训三年。,口腔颌面部常见疾病的诊断和治疗，如龋病、牙髓炎、根尖周炎、牙龈炎、牙周炎、智齿冠周炎、口臭、黏液囊肿、口腔溃疡、扁平苔藓、口腔白斑、唇炎、舌炎、口角炎、牙体缺损、牙列缺损等，对口腔颌面肿瘤如口腔癌、唾液腺肿瘤、牙源性肿瘤等病理诊断、分型、治疗方案和预后分析，以及口腔颌面部少见肿瘤有深入的研究。
bf71ee86b6e6e7c53c1c,3,1,-0.5528475694079005,0.4767939654149427,0.7466539735555718,-0.5333462507620372,2018年福建中医药大学研究生毕业2018年至今于三甲医院工作，在研省课题2项。发表多篇论文，其中以第一作者发表SCI1篇。,肺癌，乳腺癌，甲状腺癌，肠癌，食管癌，肝癌，妇科，肿瘤，小儿咳嗽，化疗后相关不良反应处理，中医中药。
41b6b9850e0692aa8800,6,1,-0.5014653180120107,0.5495544472784732,-0.434177641010298,-0.5063628372642037,中西医结合硕士，长治医学院附属和济医院十年医,擅长各种头痛、神经痛、带状疱疹、面瘫治疗，颈椎病、腰椎病及骨关节疾病的中医整脊及针灸治疗，中医各种肿瘤疾病，如宫颈癌后期治疗，肝癌保守治疗等及慢性胃炎疾病，男科阳痿早泄滑精，勃起障碍疾病，子宫肌瘤，月经不调，痛经等妇科疾病的中医药诊治及膏方的研究及治疗。阳痿早泄，男性不育，手淫造成的早泄，硬度差，龟头敏感度高，性生活担忧，阴茎短小，增大增粗术，遗精，快感下降，射精无力，性欲下降;少弱精子症，无精症，精液不液化，前列腺炎，尿频尿急尿不尽，失眠多梦，阴囊潮湿，小腹睾丸疼痛，尿道灼热分泌物，慢性前列腺炎，泌尿系感染，各种性病。如果一直被阳痿早泄，过度手淫，阴茎短小问题所困扰，可以随时咨询我！
b0708bea7a14ac6e8cd0,13,0,-0.2595062328321056,0.622314929142009,0.7466539735555718,-0.21853975995397942,2012年于上海交通大学医学院妇产科学研究生毕业，同年进入上海市第一人民医院妇产科工作至今，为人真诚热情，临床经验丰富。希望为患者提供最有用的帮助！,专长：妇科常见病多发病，阴道炎、宫颈炎、子宫肌瘤、卵巢囊肿、不孕症等相关疾病诊治。孕前咨询，孕期营养与保健，围产期监护，各种较常见妊娠合并症和并发症的诊治。特色：子宫肌瘤，卵巢囊肿，妊娠期糖尿病，妊娠期高血压疾病，先兆早产。
af254ee85a7f285a72e0,4,1,0.5564641934658774,0.07661131516549859,-0.434177641010298,-0.10460979185201566,2014年本科毕业于山东省滨州医学院，学习成绩优异，同年进入三甲医院联勤保障部队第九零九医院（原解放军第一七五医院）工作至今,擅长妇产科各种常见疾病诊治，包括产科合并内外科疾病、产后恢复指导、功能失调性子宫出血、各种阴道炎症、妇科常见急腹症、多囊卵巢等均能提供规范又具有个体差异化的中西医结合的治疗
clinic_web_1e20a0fb4aa2326d,9,2,0.15307233817903387,0.6950754110055448,-0.434177641010298,-0.05663927896697828,哈尔滨医科大学临床医学专业,眼科疾病的诊治，青光眼，白内障，屈光不正，眼底病，眼表疾病等常见疾病的诊断治疗。
5262af7dcc9e7ca86eb8,8,3,-0.30518638481291516,0.4040334835514069,0.7466539735555718,-0.32047709983468387,武汉大学医学部（原湖北医学院）临床医学专业毕业，武汉大学研究生课程班结业。,三甲教学医院坐诊30多年，常见多发皮肤性病诊疗颇有心得。武汉市皮肤性病学会委员，武汉市皮肤科医疗质量控制中心专家组委员。
50c326672dad00751fa3,8,0,-0.5384022508896972,0.6950754110055448,-0.434177641010298,-0.5273499366514075,2006年--2017年，在安徽医科大学攻读本硕博，并取得相应皮肤性病学学位，2016年-2017年至英国伦敦国王学院以访问学者身份学习一年。2017年7月入职安徽医科大学第一附属医院工作至今。,长期工作在临床一线，擅长各种常见皮肤病和性病的诊断和治疗，包括荨麻疹、湿疹、过敏性皮炎、特应性皮炎、痤疮（青春痘）、玫瑰痤疮、脂溢性皮炎、灰指甲、体癣、花斑癣、银屑病、白癜风、SlE、细菌性皮肤病、带状疱疹、水痘、疤痕疙瘩、脱发、斑秃、真菌性皮肤病、梅毒、尖锐湿疣、生殖器疱疹、淋病、衣原体或支原体感染、大疱性皮肤病、色素性皮肤病等。安徽医科大学第一附属医院皮肤性病科为皮肤病与性病学国家重点学科和国家临床重点专科，现为皮肤病国家重点实验室培育基地、皮肤病学教育部重点实验室和安徽省重要遗传病基因资源利用重点实验室、疑难重症皮肤病协同创新中心，是我国最为重要的皮肤性病学团队之一，在皮肤病研究的部分领域处于世界领先水平。
clinic_web_703bb43d3ab40101,0,2,0.4861383006798877,-1.706020490491099,0.7466539735555718,-0.026657708413829924,1984.09-1989.07河南中医学院中医系2003.09-2006.07河南中医学院男科专业临床型研究生,运用中西医结合治疗各种原因导致的男性不育症；前列腺炎，前列腺增生；阳痿，早泄，性欲低下，不射精，逆行射精，射精疼痛等；淋病，非淋，梅毒，尖锐湿疣，生殖器疱疹等各种性病；微创包皮环切。
a406aa2a2238e2cb1a3d,0,0,-0.5123626635608307,-1.6696402495593337,0.7466539735555718,-0.48537573787699984,医学硕士，主治医师，江苏省妇幼健康研究会检验医学专业委员会委员。2018年任无锡市人民医院生殖中心男科负责人2019年任无锡市人民医院生殖中心男科及生殖实验室负责人。,泌尿系结石、肿瘤，急慢性前列腺炎，少、弱、畸精症，男性不育症，勃起功能障碍，早泄，梅毒、尿道炎、性传播疾病等
a11d4b3db71be47a2843,1,3,-0.05999610996446461,0.6950754110055448,0.7466539735555718,-0.1315932053498492,1984年本科入学，医学硕士,1989年参加工作，专注于各类成年人与儿童牙病的防治，包括龋齿、牙髓病、根尖病、牙周病、口腔正畸、智齿问题等。
519c56e56a73ef01316f,4,0,0.20553165279777214,0.6950754110055448,-0.434177641010298,-0.21853975995397942,妇产科医学专业全日制博士，毕业于第二军医大学，主治医师,擅长各类阴道炎、宫颈炎、HPV、痛经、子宫肌瘤、宫外孕、产筛咨询、胎儿宫内窘迫、妊娠合并甲减、妊娠合并糖尿病，妊娠胆汁淤积症、产褥期保健等妇产科常见病多发病的诊断和治疗，擅长各类手术微创手术
clinic_web_77343b0fb6529834,3,0,-0.5169243430928949,0.14937179702903436,0.7466539735555718,-0.48537573787699984,安徽医科大学医学学士，新乡医学院在职肿瘤内科学研究生，医师,肿瘤学硕士在读。对肺癌，乳腺癌，胃癌等消化道肿瘤有自己独特的研究，擅长各种肿瘤的治疗。尤其对于恶性肿瘤晚期积累了丰富的临床医疗经验。
19427937372a1b368809,1,1,-0.5543681292519218,0.44041372448317223,0.7466539735555718,-0.5243517795960927,执业医师，曾进修于广州省口腔医院，无锡市人民医院，现于湘雅医院完成国家医师规范化培训中。,学以致用，希望能为更多患者解决困扰。精通口腔内科常见病及多发病的诊断和治疗，并能很好的完成口腔修复正畸技术，对口腔颌面外科学的临床运用积累了丰富的工作经验。
clinic_web_f3d8946cde08e70c,6,0,0.10815246612023506,0.6950754110055448,0.7466539735555718,0.2791543112282834,南京中医药大学中西医结合专业,脾胃病，肾脏病，脾虚湿重，亚健康，肾虚，多汗盗汗，失眠，阳痿早泄等方面中医的调理，现在南京市第一医院中医科工作，之前在南京市鼓楼医院，南京市中医院学习工作过，对常规疾病的问题可以从中医西医两个方面给您解答和诊治
7f33e430ac6dcb666fac,5,0,-0.534980991240649,-0.35995157601571076,0.7466539735555718,-0.5243517795960927,骨外科硕士研究生；毕业后于郑州市骨科医院工作,毕业后工作于郑州市骨科医院，骨关节炎，股骨头坏死，颈椎病，腰椎间盘突出及其他骨科常见疾病的诊疗。
8af8b2c05ce5919f65fd,6,0,-0.4581293624574008,0.4767939654149427,-0.434177641010298,-0.36844761271972126,首都医科大学本科毕业，解放军医学院博士研究生，第二军医大学进修深造，在解放军总医院、首都医科大学附属北京中医医院、北京复兴医院等三甲医院进行过理论和临床门诊学习。现在解放军总医院系统、深入、全面地学习中医中药知识，扩展自身的理论与实践能力。,擅长中医和中西医结合治疗常见呼吸系统疾病、消化道疾病、心血管疾病、神经系统疾病、肿瘤、皮肤病以及儿科、男科、妇科、老年病等，尤其在常见疾病方面的中医基础理论、临床诊断与治疗领域研究颇深，形成了独到的理论见解和临床指导用药。
9ec74930526dc9accdb0,5,1,-0.5143900766861926,0.6950754110055448,0.7466539735555718,-0.4134199685494438,本科就读于西安医学院临床医学专业，研究生期间于陕西省人民医院骨科病院攻读骨外科学硕士学位，主要从事大骨节病，骨性关节炎，运动损伤，骨骼肌肉慢性劳损；腰椎间盘突出，颈椎病等方向研究工作。,腰痛、腰椎间盘突出，颈椎病、颈肩痛，运动医学运动损伤，四肢关节疼痛、滑膜炎，前交叉韧带损伤，半月板损伤。骨科常见部位骨折的诊断和治疗康复指导。
29d93201bb16cfab01b2,0,0,-0.058602263440778325,0.22213227889257012,0.7466539735555718,-0.041648493690404104,专注男科，致力于正规男科！,男科方面：1.包皮过长，手淫，肾虚，早泄，阳痿。2.男性不育，少精弱精，无精症，液化不良。.3.慢性前列腺炎，龟头炎，精囊炎及附睾炎！4.尖锐湿疣、梅毒、疱疹、艾滋病等男科疾病。5.包皮环切术相关问题。包皮术后水肿、感染，术后护理及注意事项等;精索静脉曲张等问题。6.对私人医院坑骗患者治疗包皮过长及性病等问题，从而骗取钱财的事，具有独到的见解及提供详细的咨询.7.对男童包茎，包皮长，隐睾等小儿男科疾病也有丰富经验！
e2bdf0761821372eed64,11,1,-0.4302524319836752,0.5495544472784732,-0.434177641010298,-0.45539416732385146,整形外科学硕士，公立三甲医院整形外科,医师，医学硕士擅长眼鼻整形、面部微整和各类体表肿瘤修复：1.眼袋、双眼皮、开内外眼角、微创腋臭根治术；2.面部自体脂肪填充、脂肪注射隆胸、身体吸脂塑形等；3.面部年轻化微整形：包括瘦脸针、除皱针、玻尿酸；4.体表肿瘤、瘢痕、血管瘤等精细整形
clinic_web_a78b36452b66be84,13,2,-0.009817635111758451,0.040231074233733295,-0.434177641010298,0.06628516030093,工作20多年，经验丰富。大学毕业。,高危妊娠的诊断和治疗（妊娠合并心脏病、妊娠高血压、产前出血、胎位不正、早产、过期妊娠、羊水量异常、多胎、胎儿宫内发育迟缓、胎膜早破等）、母婴保健、宫颈炎、宫颈癌前病变、宫颈癌及其他妇科、产科疾病的诊治。
7c02392763b90f64dbb4,11,2,-0.3528939499190865,0.5495544472784732,0.7466539735555718,-0.40142734032818445,重点医科大学毕业，曾多次到国内一流整形美容专业深造。,眼整形鼻综合乳房整形激光肉毒素除皱玻尿酸及自体脂肪注射填充瘢痕治疗血管瘤诊治包皮及腋臭微创治疗
6b3a54ea9a7586181ddb,0,1,-0.3935689257466589,0.003850833301962831,-0.434177641010298,-0.45239601026853665,毕业于重庆医科大学。,各种男性疾病。
clinic_web_30daf7f32239b8c1,12,0,-0.4510334165186343,-1.596879767695798,0.7466539735555718,-0.4913720519876295,2007年~2012年就读于南昌大学本科(临床医学专业)；2012年~2015年就读于苏州大学硕士(泌尿外科专业)；2015年~2016年供职于苏州市立医院泌尿外科；2016年至今供职于宜兴市人民医院泌尿外科。,泌尿系统感染（包括急慢性前列腺炎、男女单纯性或复杂性上下尿路感染、附睾炎、泌尿系结核等），女性压力性尿失禁、泌尿系外伤，各类结石，泌尿系肿瘤（包括肾脏肿瘤、膀胱肿瘤、前列腺肿瘤等），前列腺增生，精索静脉曲张，睾丸鞘膜积液及各种原因所致的男性不育、性功能障碍，及男女性心理、性咨询等。
e49ff9903eddce755536,6,1,-0.5361214111236651,0.622314929142009,-1.6150092555761677,-0.5153573084301482,2013年-2018年于河南中医药大学学习，获得本科学历2019年至今于河南省中医院规培学习,擅长头痛，失眠，眩晕，胸痹心痛，焦虑状态，皮疹，胃痞等多种内科疾病及亚健康状态的中医药辩证治疗。
6daee3c33f00693f9706,0,0,-0.08090380781975884,0.6950754110055448,0.7466539735555718,0.012318333305262946,毕业于兰大医学院,男性性功能障碍男性不育症慢性前列腺性
clinic_web_82975dd47521ef97,9,1,0.14477261569708375,0.513174206346708,-0.434177641010298,-0.26950842989433166,毕业于佳木斯大学，从事眼科医疗四年。,从事眼科医疗多年，可治疗各种眼科常见病，擅长角膜病变、葡萄膜炎及眼底常见病变的诊断及治疗。
clinic_web_af85ef1d9d96ba89,9,3,1.244707592866063,-0.6873737444016139,-0.434177641010298,1.0706677738314,本科毕业，从事眼科工作30年，,麦粒肿，霰粒肿，眼部肿物，结膜炎，角膜炎，虹膜炎，眼部屈光疾病，眼底疾病，斜视，弱视，青光眼，白内障，眼部整形美容等等
clinic_web_1462d2766a24c9b1,7,2,0.6770319177647408,0.11299155609726905,0.7466539735555718,0.21919117012198663,毕业于温州医学院，现就职浙江省台州医院，目前就读温州医科大学在职研究生。,擅长各类儿科疾病，尤其是呼吸道相关疾病，消化道疾病，比如发热、咳嗽、腹泻、呕吐等。新生儿肠绞痛，蛋白过敏，新生儿肺炎，早产儿喂养问题，血便，乳糖不耐受。
clinic_web_551c938ddf9bda30,7,0,1.4804577253495474,0.22213227889257012,-0.434177641010298,1.3884724216947728,毕业于北京大学医学部。,小儿感冒发烧、育儿常见问题及包皮过长、包茎、小儿疝气、鞘膜积液、斜疝、隐睾、隐匿阴茎、小儿尿道下裂、包皮龟头炎、小儿肾积水、输尿管膀胱返流、重复肾，以及其他小儿泌尿外科、小儿普通外科及新生儿外科疾病的诊断治疗。
clinic_web_5d37b3bcf314ce24,11,0,0.47124948554051155,0.5859346882102437,-0.434177641010298,0.19820407073478277,2001年安徽医科大本科毕业，2002年淮北市人民医院整形美容科工作至今,整形美容，擅长眼鼻整形，体表肿瘤切除，疤痕畸形修复，腋臭小切口手术，烫伤处理等。
5a80f3b4330fd1d6183a,4,2,-0.5337772146974654,-0.21443061228863927,-0.434177641010298,-0.5243517795960927,本科,从事妇产科专业20余年，在妇科及产科方面均有丰富的临床经验，擅长于各类病理产科处理、急重症病人抢救、妇科肿瘤及不孕症的诊治，具有解决疑难复杂问题的能力，尤其在恶性肿瘤根治手术及宫、腹腔镜、阴式等微创手术方面有丰富经验，对于宫颈病变，宫颈癌，子宫肌瘤，子宫腺肌症，多囊卵巢综合症等疾病
cee23ba2165bed9e083f,9,0,-0.4297455787023347,0.6950754110055448,-0.434177641010298,-0.3474605133325174,中国医科大学临床医学本科毕业，从事眼科专业20多年。,眼科常见病，多发病，诊疗咨询服务。
clinic_web_183c6ae479b6f24c,4,0,0.77669194420831,-0.03252940762980246,-0.434177641010298,1.52938580329457,河北医学院,妇科常见病，多发病
clinic_web_6db7786be7abc336,3,2,-0.5541780592714192,0.6950754110055448,0.7466539735555718,-0.5033646802088889,复旦大学肿瘤学硕士消化内科博士硕士研究生导师。于复旦大学附属中山医院从业近二十年，擅长各种原发性肝癌及转移性肝癌介入消融及靶向免疫治疗。,擅长原发性肝癌肝内外胆管癌转移性肝癌（胆囊癌结肠癌直肠癌胃癌食道癌胰腺癌鼻咽癌神经内分泌瘤）介入消融靶向及免疫治疗；肝占位性疾病诊断及鉴别诊断；甲胎蛋白升高原因待查；肝功能异常及乙型肝炎抗病毒治疗
7a873e79faf0baba4ac9,10,0,-0.378933537247953,0.5495544472784732,-1.6150092555761677,-0.4733831096557405,毕业于华中科技大学同济医学院。,过敏性鼻炎、慢性鼻炎、鼻窦炎、鼻息肉等鼻部炎性疾病有丰富的诊疗经验。
c499e011dda9e1dc8254,10,2,-0.5357412711626597,0.2585125198243354,-0.434177641010298,-0.4973683660982592,山东大学附属山东省耳鼻喉医院，山东省立医院西院，副主任医师，医学博士，耳整形外科主任，美国斯坦福大学访问学者。1998年本科毕业于泰山医学院临床医学系，2006年研究生毕业于复旦大学，获得耳鼻咽喉专业硕士学位，2013年获得山东大学耳鼻咽喉专业博士学位。,擅长：耳整形，包括各种类型耳廓畸形、外耳道狭窄、外耳道闭锁等疾病的诊治，如新生儿及婴儿耳廓畸形的非手术矫治，先天性外耳畸形（小耳畸形）的耳廓再造，外耳道闭锁的外耳道再造，外耳道狭窄、外耳道胆脂瘤、外耳道骨瘤的外耳道成形，外伤性部分耳廓缺损、杯状耳、招风耳等耳廓畸形的整复，耳廓瘢痕疙瘩、耳垂裂等耳垂畸形的耳廓整复，耳廓肿物、外耳道肿物的切除和整复，耳前瘘管的切除；擅长慢性中耳炎、中耳胆脂瘤的耳显微手术治疗，如鼓膜修补、鼓室成形，人工听骨听力重建等。科室介绍：耳外科（耳-耳神经-侧颅底外科）归属于耳科中心，是山东省耳鼻喉医院传统优势学科，目前为国家临床重点专科、山东省重点学科、山东大学985重点学科、FISCH国际显微耳科山东培训中心、山东省耳科学重点实验室、山东省人工听觉工程技术中心，同时也是山东省青年文明号，山东省工人先锋号。学科配备独立的专业门诊，拥有耳神经、侧颅底外科、面神经疾病、显微中耳手术及耳整形5个亚专业，年手术量达1600余台。    学科拥有博导2名、硕导3名、高级职称5人；全部科室人员均具有硕士以上学历，其中博士占80%以上，主要业务骨干均有国外培训经历。科室配备有LEICAOH6顶级手术显微镜等国际一流水准的设备，手术技术及设施设备均与国际保持同步。
clinic_web_8492583583f645c1,8,2,2.8605558537794695,0.6950754110055448,-0.434177641010298,5.028235086846984,黑龙江中医药大学临床医学硕士研究生，曾从事泌尿工作，现工作于皮肤性病科，工作时间十三年！,传染病医院专业性传播疾病诊治及性传播疾病对孕产妇，新生儿影响，治疗，皮肤病等！给您最好的解答与推荐！梅毒，尖锐湿疣，淋病，非淋，以及艾滋咨询解答，随时可以找我。
003bc654994679d0f4d9,9,1,-0.4953197219757575,0.2585125198243354,-0.434177641010298,-0.4883738949323147,2018-至今同济医学院附属同济医院规范化培训,眼科常见病诊断及治疗，内科外科耳鼻喉等常见病诊断及治疗。
60eda80f70b9b0729c0e,0,0,-0.5680531678481144,0.6950754110055448,-0.434177641010298,-0.5303480937067224,2006年～2013年临床医学七年制研究生毕业,女性不孕不育，子宫脱垂，尿失禁，子宫肌瘤，流产，子宫颈癌，子宫内膜癌，阴道炎，卵巢肿瘤，女性先天畸形等
clinic_web_18c148007a0f25fc,5,0,-0.020588267340243358,0.6950754110055448,0.7466539735555718,0.2791543112282834,解放军医学院骨科学博士，脊柱外科工作11年，发表过多篇学术论文,骨伤科常见病多发病的诊治，专科治疗腰椎间盘突出症，腰椎管狭窄症，腰椎滑脱症，颈椎病，颈椎管狭窄，脊柱畸形，强直性脊柱炎侧后凸畸形的诊治等
19aa20c7745279f17ffe,3,0,-0.5461951200903068,0.6950754110055448,0.7466539735555718,-0.5033646802088889,毕业于山东大学医学院，硕士研究生。,擅长胃癌，结直肠癌，肺癌，胰腺癌，乳腺癌，肝癌，食管癌等恶性肿瘤的化疗、靶向治疗及免疫治疗等内科治疗。
clinic_web_a1d3849abf6961ac,0,0,-0.5235134357503209,-0.9420354309239866,0.7466539735555718,-0.5123591513748333,主治医师，医学硕士，中国中医药信息学会男科分会基层防治学组委员，山东省妇幼保健协会男性生殖健康专业委员会委员，南京鼓楼医院男科进修学习。,男科相关各种疾病的诊治，如勃起功能障碍，早泄，男性不育，前列腺炎，包皮过长，性病等。
clinic_web_1fbabf27e4422407,7,0,-0.4250571858499354,0.6950754110055448,-5.157504099273777,-0.500366523153574,毕业于四川大学，华西医科大学,新生儿及儿科常见病诊治，新生儿黄疸，新生儿肺炎，新生儿胆红素血症，新生儿窒息，乳糖不耐受，消化不良等
e1ac841e2a837f6ace00,2,1,-0.34598807396082265,0.2585125198243354,0.7466539735555718,-0.3054863145581097,在校期间学习成绩优异，多次拿到奖学金。毕业后在莒县中医医院（三级甲等中医医院）工作多年，在内科各个科室轮转学习，熟练掌握了内科常见病，多发病的诊断与治疗。,从事消化科，呼吸科，内分泌科工作多年，熟练掌握了常见病、多发病的诊断与治疗。
clinic_web_daff77e4fd828728,3,0,-0.01431595798365509,-0.28719109415217503,-0.434177641010298,1.2025866842652528,2009年北京大学医学部肿瘤学硕士毕业2013年北京大学医学部肿瘤学博士毕业,擅长消化道肿瘤，乳腺肿瘤的诊断和治疗，可为您提供最专业，最规范的肿瘤治疗咨询
ea61a5e922f094969691,0,1,-0.4993111915663137,0.11299155609726905,0.7466539735555718,-0.46139048143448114,硕士研究生学历，毕业于广州医科大学泌尿外科（男科）专业，擅长阳痿（男性勃起功能障碍）、早泄、前列腺炎、包皮龟头炎、睾丸附睾炎、弱精子症、少精子症、包皮过长、包茎、生殖器官淋病、生殖器官梅毒、精索静脉曲张、鞘膜积液、隐睾、尿道下裂、泌尿结石（肾结石、输尿管结石、膀胱结石）、前列腺增生、泌尿肿瘤等泌尿系统疾病。,阳痿、早泄、前列腺炎、包皮龟头炎、少弱畸精子症、睾丸附睾炎、淋病梅毒、血精、精索静脉曲张、尿道炎症等泌尿系统疾病。
clinic_web_998297400c8490ad,9,3,0.7462807473278821,-0.6873737444016139,0.7466539735555718,1.0496806744441962,上海交通大学眼科学博士毕业，曾在德国海德堡大学和美国加利福尼亚大学学习一年,擅长视网膜脱离，糖尿病视网膜病变，黄斑疾病，玻璃体视网膜疾病等复杂眼底病的诊断和治疗，并在眼科激光治疗视网膜、白内障和青光眼上拥有丰富的经验。1998年进入上海交通大学附属第一人民医院工作，2017年转至上海中医药大学附属曙光医院担任眼科主任。目前是中华中医药学会眼科分会第6届青年委员会青年委员，中国中医药研究促进会眼科分会第1届委员，上海市医学会眼科分会第11届委员兼视觉康复学组副组长，硕士生导师
b3e19031b63497b1eaa2,10,0,-0.5392258874718754,0.44041372448317223,-0.434177641010298,-0.4943702090429444,2011年毕业于南昌大学医学院临床医学后，2011-2014年于四川大学华西临床医学院学习并取得耳鼻咽喉头颈外科硕士学位。目前继续在四川大学华西临床医学院攻读博士学位。,耳部常见疾病，听力相关问题
b92feccfb4f0584f2da4,6,1,-0.44444432386120825,0.622314929142009,-0.434177641010298,-0.44340153910259217,山西中医药大学硕士研究生,中医内科杂病，呼吸系统疾病，中医妇科，对于脾胃疾病。擅长用传统中医治疗有关疾病。
clinic_web_274dba3f23f0dd3c,0,2,-0.48461244640744017,-1.087556394651058,0.7466539735555718,-0.5153573084301482,男科学硕士毕业，从事中西医临床工作10年余，对男科、妇科、儿科临床诊治有一定的临床经验。,硕士研究生师从男科创始人秦国政教授，擅长中西医结合治疗男性不育症(少精症、弱精症、精子畸形率高、精液不液化），女性不孕症(多囊卵巢综合征、排卵功能障碍、复发性流产），孕后保胎，前列腺炎，前列腺增生，性功能障碍（阳痿，早泄），包皮龟头炎、生殖器疱疹、支原体衣原体感染等性传播疾病以及泌尿系统疾病。可针对性功能问题、同性恋问题、自慰问题进行咨询解答！
57e5af7183c5a397ad1a,10,1,-0.34586136064048756,0.6586951700737795,-1.6150092555761677,-0.35045867038783224,毕业于山西医科大学。,擅长诊治小儿鼻炎、鼻窦炎，成人慢性鼻炎，鼻窦炎，过敏性鼻炎，鼻息肉，以及咽部不适，慢性咽炎，声音嘶哑；人工耳蜗植入，耳聋基因，分泌性中耳炎，慢性化脓性中耳炎，突发性听力下降，眩晕。
5589bf91648eac9e9254,8,1,-0.33211296538412743,-3.0520894049664924,-0.434177641010298,-0.5033646802088889,蚌埠医学院研究生、曾在蚌埠医学院附属上海市第七人民医院学习,皮炎湿疹
clinic_web_04e23b9388fca8b9,0,0,-0.18835670346393768,0.18575203796079964,0.7466539735555718,0.12924645846254154,四川大学华西医院泌尿外科博士毕业，毕业后在华西第二医院从事男科工作。,目前主要从事男性不育诊疗工作及男性生殖医学研究，能熟练处理泌尿男科疾病，及进行男性生育力保存。
0d66a0e19d7c13bfea2f,2,0,-0.5660257547227526,-2.9429486821711914,0.7466539735555718,-0.5273499366514075,2010年毕业于安徽医科大学，研究生学历。2013-2014于复旦大学附属华山医院进修学习1年。2015年获亳州市人民医院优秀医生。2019年获首届亳州市感染病技能大赛一等奖。,安徽医科大学研究生学历，曾于复旦大学附属华山医院进修学习1年。获首届亳州市感染病技能大赛一等奖。擅长:病毒性肝炎，尤其是乙肝、丙肝的临床治疗；肝硬化、肝癌的并发症处理；发热性疾病，如肺部感染、泌尿道感染、中枢神经系统感染、皮肤软组织感染等；抗菌药物合理使用；传染性疾病，如手足口病、水痘、麻疹、猩红热、结核病、艾滋病等等。
clinic_web_bfbe64af7ca6c68f,0,2,-0.5554451924747703,0.33127300168787116,0.7466539735555718,-0.5183554654854631,1991年7月毕业于滨州医学院临医学专业。现就职于邹平市中医院泌尿外科副主任医师。曾于中国人民解放军总医院（301）泌尿外科进修学习。现任滨州医学院外科兼职副教授；任山东中医药高等专科学校兼职副教授。任山东中医药学会第一届男科专业委员。,中西医结合治疗泌尿系肿瘤，前列腺增生，泌尿系结石，男性性功能障碍，男性生殖，泌尿系感染。
clinic_web_e46828526094c7b3,2,2,-0.4993111915663137,0.2585125198243354,0.7466539735555718,-0.42541259677070314,本科毕业到单位后一直从事临床工作，并先后攻读了青岛大学医学院硕士学位和山东大学的博士学位。,熟练掌握消化系统常见病及多发病的诊断、鉴别诊断和治疗，熟练操作胃肠镜、超声内镜、放大内镜检查及内镜下治疗。
e7152dd247c5eb5efb82,11,1,-0.4287318721396538,0.44041372448317223,-0.434177641010298,-0.48537573787699984,本科毕业于哈尔滨医科大学临床医学。硕士毕业于哈尔滨医科大学外科学（整形外科方向）,眼周手术、肉毒素瘦脸、除皱术、毛发相关疾病、色素痣、面部肿物、瘢痕治疗、塑身美容、私密整形、面部轮廓、中老年年轻化、激光美容等等。
d703725663cefcf90ba7,3,1,-0.45717901255488747,0.622314929142009,0.7466539735555718,-0.35045867038783224,本科就读于青岛大学医学院，硕士就读于北京大学肿瘤医院，师从苏向前院长，以博士第一名成绩转博，继续攻读胃肠肿瘤外科学。现为北京大学肿瘤医院住院医，主攻胃癌，结直肠癌，胃肠道间质瘤等。,消化道肿瘤如胃癌、结直肠癌、胃肠道间质瘤、胰腺癌、胆囊癌、肝癌等及腹膜后肿瘤外科治疗；应用腹腔镜微创开展结直肠癌、胃癌、胃肠道间质瘤（GISTs）、胆囊及肝肿瘤、胰体尾及脾等腹部肿瘤根治手术
clinic_web_5b45e5475f5937a8,10,3,-0.5514537228842141,-0.5054725397427772,0.7466539735555718,-0.500366523153574,1986年湖南湘雅医院本科毕业，2003年北京大学医学部临床硕士研究生。,对耳鼻咽喉科常见病及各种危、急、重症及疑难杂症的诊治有着较为丰富的经验。尤其在鼻科领域有较深造诣。主攻鼻内镜微创外科，擅长鼻内镜下手术治疗难治性鼻窦炎，各种困难鼻中隔偏曲的矫正，复发性鼻息肉，以及真菌性鼻窦炎，鼻腔鼻窦良恶性肿瘤。擅长鼻内镜下功能性鼻整形术，对外伤后所致歪鼻、鞍鼻、短鼻等多种畸形，手术同期解决外鼻畸形和鼻通气功能障碍，疗效好。擅长鼻科常见疾病如各种鼻炎、鼻窦炎、鼻息肉、鼻外伤、鼻出血，及鼻畸形、鼻肿瘤。
clinic_web_90a5a97b6c913c94,12,1,-0.3817845869554931,-1.4149785630369611,-0.434177641010298,-0.40142734032818445,研究生毕业,泌尿系结石，男性疾病，前列腺，肾移植，我们以微创为宗旨，以最小的创伤治愈疾病，输尿管软镜，3D腹腔镜
clinic_web_736d181df95aa4aa,5,0,-0.4373483779224417,0.6950754110055448,0.7466539735555718,-0.40442549738349926,山东大学齐鲁医学部，脊柱外科方向，博士,1.腰椎间盘突出症，腰椎管狭窄症，腰椎滑脱症2.脊柱畸形，脊柱外伤3.颈椎病，胸椎管狭窄4.半月板损伤，前交叉韧带损伤，肩周炎，肩袖损伤4.手术咨询5.截瘫咨询6.上门服务:指导用药及锻炼，刀口换药，健康咨询等。
clinic_web_ab04b9ec3fd4e7c6,12,0,-0.2768659577180166,0.22213227889257012,0.7466539735555718,-0.335467885111258,毕业于南华大学临床专业。,擅长各类胸外科疾病的诊治，包括胸外伤、自发性液气胸、肺结核、胸壁结核、胸腔积液、肋骨肿瘤、肺部良恶性肿瘤、食道癌、纵隔肿瘤及心脏瓣膜病等。
958fd75a17f8290404d0,12,0,-0.4844857330871051,-1.2330773583781243,-0.434177641010298,-0.41042181149412893,2012年毕业于广东医科大学，临床医学专业，2015年至今一直在泌尿外科工作，泌尿外科主治医师职称。,2012年毕业于广东医科大学，主治医师职称，从事泌尿外科临床工作5年，熟悉泌尿外科常见病、多发病，对各类泌尿系肿瘤、结石、尿路感染、泌尿系畸形、前列腺增生有丰富的临床工作经验，熟悉泌尿外科各类微创手术及传统手术，对前列腺炎、男性不育，性功能障碍亦有独到见解。
clinic_web_b419709f1144e4fa,0,2,-0.5231332957893157,0.622314929142009,0.7466539735555718,-0.4583923243791663,医学博士，从事泌尿男科专业20余年。上海市康复医学会泌尿盆底专业委员会委员。擅长精索静脉曲张、早泄、性功能障碍、包皮龟头炎、尿路感染、前列腺炎、不孕不育（少弱精）;膀胱肿瘤、肾肿瘤、前列腺癌等微创治疗、化疗和靶向治疗。在著名杂志“AmericanJournalofKidneyDisease”和“JournalofUrology”上发表论文，本人作为第一/通讯作者在SCI收录期刊发表论文20余篇。参与编写学术专著3部；主持或参加国家自然科学基金等项目4项。,擅长精索静脉曲张、早泄、性功能障碍、包皮龟头炎、尿路感染、前列腺炎、不孕不育（少弱精）;膀胱肿瘤、肾肿瘤、前列腺癌等微创治疗、化疗和靶向治疗；血尿和输尿管结石诊治；对阴囊Paget病、阴茎延长与增粗、尖锐湿疣等性病也有独到治疗经验。
3ddd6fd97e37f9338f11,2,2,-0.45173033978047744,0.11299155609726905,0.7466539735555718,-0.4673867955451108,山东大学医学院本科，济南大学硕士研究生,乙肝，丙肝，肝硬化，水痘，流感，猩红热，艾滋病，肺结核，出血热，伤寒，痢疾，手足囗病，麻疹，布氏杆菌病，狂犬病的诊断及治疗。
aefd4e5d570244f2cf02,4,0,-0.3898942394569406,0.6950754110055448,0.7466539735555718,-0.37744208388566575,北京大学临床医学八年制博士毕业,妇产科
clinic_web_8c28656762ac033d,1,1,-0.17365795830506417,0.6950754110055448,-0.434177641010298,-0.39543102621755477,本人在口腔科工作20余年，对口腔科常见病有丰富的临床经验！,本人擅长口腔科常见病及多发病的诊断和治疗，对牙龈炎，牙周炎，矫正，龋齿，口腔溃疡，唇炎等能够熟练的诊断和治疗。
8bf44036d1023614d002,5,0,-0.5036828011178752,0.622314929142009,0.7466539735555718,-0.4913720519876295,2016年硕士毕业于河北医科大学骨科专业，师从脊柱外科主任申勇教授，同年开始就职于河北医科大学第三医院疼痛科，主攻脊柱源性疼痛的微创治疗。,颈椎病，腰椎间盘突出，脊柱侧弯，腰肌劳损，腰椎病变，压缩骨折，强直性脊柱炎的微创治疗
clinic_web_c45038cee2f68541,1,0,-0.5538612759705814,-0.7237539853333844,0.7466539735555718,-0.5153573084301482,2005年毕业于长治学院口腔专业，2006年在翼城县人民医院口腔科工作至今，2012年在山西省人民医院口腔科进修一年，擅长口腔科常见病多发病的诊断与治疗！,2006年从事口腔工作至今，擅长口腔科常见病的诊断与治疗，曾在山西省人民医院进修学习一年，多次参加国家级短期培训。
c15ea5c3ec97bd97d98a,2,1,-0.5116657402989876,0.36765324261963644,0.7466539735555718,-0.47937942376637016,本科南华大学，现中南大学湘雅二医院研究生已毕业，即将攻读博士,心力衰竭、心律失常、心肌病及其他心血管疾病。因现在为住院医生，轮科阶段对其他内科基础病比如呼吸科，风湿免疫科及消化科，感染科和肾内科等也有一定的了解
a79e4b436e20bb5b57c6,4,0,-0.42632431905328655,-1.4513588039687317,-0.434177641010298,-0.4973683660982592,青岛大学医学院（本科）,男女不孕症、生殖内分泌疾病、习惯性流产、多囊卵巢综合征、更年期综合征、月经病、妇科炎症等妇产科疾病的治疗。
408c3dcef8b58b28708c,6,1,-0.2431602145088756,0.6950754110055448,0.7466539735555718,-0.25151948756244263,2006年毕业于山东省中医药大学中医基础学院中医专业,擅长中医调理肾虚，脾胃病，失眠头痛，妇科月经不调，时间病证等，指导中药使用，针灸治疗
5f141422872b153bcd54,11,0,0.4957685130253566,0.2585125198243354,-0.434177641010298,-0.25451764461775744,解放军总医院硕士研究生,面部整形美容，包括重睑、开眼角、提眉、眼袋、隆鼻、畸形鼻矫正、自体脂肪填充等手术，及肉毒素、玻尿酸等打针注射等。同时擅长疤痕增生的预防和治疗，色素痣、太田痣、皮脂腺痣、葡萄酒色斑、血管瘤、皮脂腺囊肿、及体表肿物、肿瘤等。体表肿物切除修复：恶性黑色素痣，基底细胞癌等恶性肿物切除修复；瘢痕切除修复、软组织扩张器修复；先天性小耳畸形；
clinic_web_3711d3fce8e87b18,4,2,5.587363150731011,0.36765324261963644,-0.434177641010298,3.1873666548836748,毕业于青岛大学医学院,从事妇产科20余年，擅长产科常见病，多发病的诊治。熟练掌握产科，妇科，计划生育相关手术。
33ad4b7cbc234ea28b51,4,0,-0.35992653919768547,-0.178050371356874,-0.434177641010298,-0.47638126671105535,2015.9-2018.7北京大学第一临床医学院妇产科学博士2012.9-2015.7北京大学第一临床医学院妇产科学硕士,陈醒，2015年毕业于北京大学，获妇产科学硕士学位。2018年毕业于北京大学，获妇产科学博士学位。专业方向为普通妇科及妇科内分泌。熟练掌握妇科常见病多发病的诊治。2019年获江苏省高层次创新创业人才引进计划（双创计划）项目资助（双创博士）。共发表中英文论文46篇（其中SCI17篇），其中第一作者/通讯作者论文22篇（其中SCI7篇），参编书籍两部。
clinic_web_a7edd405a3f9cbff,5,2,0.24101138249160478,-0.178050371356874,0.7466539735555718,1.3375037517544206,骨科博士,擅长创伤骨折、脱位、急慢性软组织损伤的中西医结合治疗，骨折、脱位的保守治疗及术后的功能康复指导；为您解答中老年骨关节疾病、骨质疏松的健康咨询及治疗建议；在腰腿痛，肩周炎，椎管狭窄，颈椎病等常见病方面具有较丰富的中西医结合临床治疗经验
5096922ad5ea16833b6f,1,0,-0.43139285186669124,0.6950754110055448,-0.434177641010298,-0.47638126671105535,2008.9-2013.7皖南医学院本科2015.9-2018.6南京医科大学硕士,"真菌性口炎,口腔溃疡,口角炎,牙周炎,牙髓炎,牙龈炎,鹅口疮，种植牙修复、烤瓷牙及各类义齿修复，各类复杂牙拔除，及口腔异味等口腔疾病的诊断和治疗。"
87f4d94a3d0eb99a2af6,3,0,-0.43975593100880894,0.513174206346708,0.7466539735555718,-0.4673867955451108,2016年毕业于徐州医科大学肿瘤学专业，获得医学硕士学位,熟练掌握肺癌、食管癌、胃肠道肿瘤、乳腺癌等恶性肿瘤的内科综合治疗及中西医结合治疗。
d999436b3c2d885ea26e,3,1,-0.4998180448476542,0.6950754110055448,0.7466539735555718,-0.42841075382601795,2019至今，四川大学华西临床医学院/华西医院，肿瘤学，博士研究生；2016-2019年，四川大学华西临床医学院/华西医院，肿瘤学，专业学位硕士研究生（含规培）,肺结节、甲状腺彩超、乳腺彩超的诊断与管理；头颈部肿瘤（鼻咽癌、口咽癌、下咽癌、喉癌）的规范诊治；胸部肿瘤（肺癌、食管癌、胸腺瘤）的化疗、放疗、靶向治疗和免疫治疗；乳腺癌的规范诊治:化疗、放疗、内分泌治疗、靶向治疗；肝癌的规范诊治:介入治疗、放疗、化疗、靶向治疗、抗病毒治疗；消化系统肿瘤（胃癌、结直肠癌、胆囊及胆管癌、胰腺癌）的规范诊治；妇科肿瘤（宫颈癌、子宫内膜癌、卵巢癌）的规范诊治；黑色素瘤、骨肉瘤和软组织肉瘤的化疗、靶向治疗及免疫治疗；病理诊断报告的解读:免疫组化及基因检测。
clinic_web_872952d41cf3d4b3,11,1,-0.05055596759949842,-1.596879767695798,-0.434177641010298,-0.32647341394531354,整形外科硕士研究生。,擅长微整形美容，瘦脸，除皱，双眼皮，眼袋，瘢痕整形美容，畸形修复。烧伤，烫伤，创伤急诊救治等等。
4bd75dcabd1e0d24a4df,0,1,-0.5067872774660855,-0.03252940762980246,-2.7958408701420376,-0.4673867955451108,本科毕业于南昌大学（江西医学院），临床医学专业；研究生毕业于南方医科大学（第一军医大学）泌尿外科与男科方向！,男性疾病及泌尿系统疾病，性功能障碍，包皮手术，泌尿生殖系统感染，前列腺疾病，男性不育，女性不孕，性传播疾病，泌尿系统结石，肿瘤及尿控等
479ee71a885df2f6030a,8,2,0.09110952453516188,0.2948927607561059,0.7466539735555718,-0.03565217957977443,2000年―2005年徐州医科大学临床医学大学本科2009年――2012年安徽医科大学上海皮肤病医院皮肤病与性病硕士研究生,硕士研究生，毕业于安徽医科大学上海皮肤病医院。擅长光动力治疗痤疮，皮肤肿瘤，皮肤外科，激光美容，光子嫩肤，注射微整形及常见皮肤病的诊疗和指导。
94f8684987106d4321f6,2,2,-0.4928488122292228,0.003850833301962831,0.7466539735555718,-0.45539416732385146,从事临床工作25年，擅长对常见病、多发病、慢性病的诊治，尤其擅长于心肌梗死、脑梗塞、脑血管疾病等急危重症患者的救治。,急危重症患者的抢救治疗；常见病、多发病的诊治；脑血管病、心律失常、冠心病、高血压等心脑血管疾病的诊治。
c98e49495bdab4a71e44,1,0,-0.3888805328942596,0.4040334835514069,-0.434177641010298,-0.41941628266007347,2003年至2008年在潍坊医学院全日制本科学习；其中，07至08年一年时间日照市人民医院实习；08年至2018年工作在济南市中贝雅口腔诊所，2019年1月至2020年4月在山东省职业病医院工作！工作期间每年多次参加正畸，牙周，修复等培训，积累了丰富的经验！2020年至今社区卫生口腔及口腔门诊多点执业！,口腔正畸(儿童早期矫治，成年隐形固定矫治)，美容修复(瓷贴面，嵌体)，复杂智齿拔除术，牙周治疗等！
clinic_web_d93d2b3c33e02270,0,0,-0.008740571888909962,-0.03252940762980246,-0.434177641010298,0.06328700324561516,昆明医科大学泌尿外科硕士。,早泄、不育、遗精、尿道炎、前列腺炎、勃起功能障碍等。
79bb00c08438fc8fd644,1,0,-0.5509468696028738,0.6950754110055448,0.7466539735555718,-0.37744208388566575,985高校口腔医学硕士,口腔医学硕士，工作7年，擅长前牙美学修复、固定义齿修复、局部活动义齿修复、全口义齿修复等，熟练掌握各种口腔常见疾病的诊疗原则，如龋齿、牙痛、牙髓炎、根尖周炎、智齿冠周炎、牙龈炎、牙周炎、口腔溃疡。
6ba83478436ee7e8609c,2,1,-0.503429374477205,-0.9420354309239866,-0.434177641010298,-0.500366523153574,毕业于苏州大学医学院，后到浙江大学附属邵逸夫医院进修学习，现为湖州市中心医院营养科医生。,毕业于苏州大学医学院，后到浙江大学附属邵逸夫医院进修，擅长各种慢性病，如糖尿病、甲亢、甲减、桥本氏甲状腺炎、高血压、高血脂等疾病的干预和治疗。
1e54ce2620cfe9189f7b,3,1,-0.4531875429643313,0.622314929142009,-0.434177641010298,-0.2874973722262207,北京大学博士，本科就读于武汉大学医学部（985高校），在校期间获得乙等奖学金，国家励志奖学金等多项荣誉，本科毕业后以优异的成绩保送至北京大学就读研究生，在研究生期间，连续三年获得国家学业奖学金，并以年级第二名的优异成绩保送就读博士。目前在北京肿瘤医院胃肠肿瘤中心胃肠微创外科担任住院总医师，目前是中国抗癌协会胃癌专业委员会会员。,擅长食管癌肺癌胃癌胃间质瘤结肠癌直肠癌乳腺癌肝癌胰腺癌肾癌膀胱癌等的诊治。北京大学肿瘤医院胃肠肿瘤中心是全国排名前三的肿瘤中心，在胃癌结直肠癌的诊治方面处于领先地位。
693817806b8725e4106a,3,1,-0.561654145171191,0.22213227889257012,-0.434177641010298,-0.5303480937067224,锦州医科大学，一直从事介入工作。,擅长肺癌/肝癌诊断及介入治疗。
6167b1b91e00fc51038e,1,1,-0.5254774922155153,0.6950754110055448,0.7466539735555718,-0.500366523153574,中南大学湘雅附二口腔医院住院规培医生,口腔基本常见问题，牙龈炎，牙周炎，智齿冠周炎，根管治疗，干槽症，白斑，纤维化，扁平苔藓，口腔黏膜，牙体牙髓，口腔颌面外科，牙周，种植等，美学修复，儿童口腔等
835b85ba220964351ca8,2,1,0.15237541491719073,0.11299155609726905,-0.434177641010298,-0.1735674041242569,研究生学历，毕业于山西医科大学,在呼吸系统疾病中研究多年，对各个呼吸系统多发病，常见病的诊治，尤其是慢阻肺，支气管哮喘，支气管扩张，间质性肺炎等疾病。对其他常见的内科疾病有好的诊疗方法。
clinic_web_f3d6db5484f7640e,6,0,-0.5153404265887059,0.36765324261963644,0.7466539735555718,-0.5063628372642037,硕士研究生,擅长小儿消化系统如厌食，积滞，消化不良，便秘等，小儿呼吸系统如咳嗽，过敏性咳嗽，鼻炎，腺样体肥大，反复呼吸道感染等中医治疗及保健。
a74f194f4cfac4d90e1a,1,1,-0.44843579345176443,0.6950754110055448,0.7466539735555718,-0.4164181256047586,2013.9——2014.7潍坊医学院附属医院2014.9——2015.6潍坊市人民医院2015.7——今安丘市妇幼保健院,儿童及成人口腔疾病预防，诊断，治疗。掌握疾病包括牙体牙髓科，牙周科，口腔修复科疾病，了解熟悉口腔颌面外科，口腔粘膜科，正畸科疾病。
clinic_web_65ae0368ed61a5c3,5,0,0.4694754990558199,0.44041372448317223,-0.434177641010298,0.6209442155341747,第二军医大学骨外科学博士，医学博士后,脊柱外科，微创手术，生物材料，脊柱肿瘤。目前为中国组织工程研究、临床与病理、CTM、ATM多本杂志青年编委或审稿专家，发表论文50余篇，其中SCI十余篇，总影响因子约30分；承担国家自然科学基金青年基金、军队大项课题研究，在硏经费八十余万。拥有专利多项、参编论著多部。目前为全军第十届专业委员会基础与转化学组副主任委员。先后获得优秀博士、优秀带教教师、刘志红青年医学奖、江苏省333高层次人才培养对象等荣誉，并为江苏省中西医结合脊柱专业委员会青年委员、南京市骨质疏松及骨矿物盐专业委员会青年委员会副主任委员及多个社会职务。受上级委派成为中国第13批援助坦桑尼亚疗队队长，并被表彰为优秀党务工作者，所带领的医疗队被评为2019年度优秀援外专家组，并被医院表彰为感动东总团队。
clinic_web_a7b0eb2fa1ac7a38,8,2,6.666707213345533,-2.8338079593758905,-0.434177641010298,4.1977455825247745,早年毕业于山东德州卫生学校，后经自学进修等获得本科学历。,湿疹，银屑病，荨麻疹，神经性皮炎，玫瑰糠疹，，过敏性皮炎，隐翅虫皮炎，毛囊虫皮炎，痤疮，扁平疣，跖疣，寻常疣，尖锐湿疣，淋病等，自1993年毕业至2019年10月一直在平阴县皮肤病防治所从事皮肤病性病的诊疗工作，有二十年以上的从业经历，经验丰富。2019年10月平阴县皮肤病防治所改为社区卫生服务中心，仍承担平阴县皮肤病性病防治工作
clinic_web_3e6b6c5cfbe83871,1,2,1.8881578335277849,0.5495544472784732,0.7466539735555718,2.611720500263226,1992年毕业于第四军医大学口腔医学专业，从事口腔临床工作20余年,全国著名口腔医院副教授，研究生导师。口腔科常见疾病治疗，如牙龈出血，智齿冠周炎，唇腭裂，牙痛，口臭，口腔溃疡，阻生牙拔除，牙髓炎，根尖炎，牙龈炎，蛀牙龋病，牙周炎，口腔黏膜病，粘液腺囊肿，烤瓷牙，义齿（假牙）修复，牙齿矫正（正畸，带牙套，箍牙），颌面部常见炎症，外伤，肿瘤，整形等。欢迎关注，我会定期义诊，并不定期发表有关口腔保健知识的专题文章。咨询时最好详细说明病情，并附清晰照片。由于平时工作很忙，门诊、病房、手术等工作，有时不能及时回复，请见谅！只要有可能，我都会及时回复您的。我不会关闭任何问题，以方便您再次提问，但春雨规定免费问题24小时，付费问题48小时自动关闭问题，所以请您尽早提问。
3ec0fadb560abebd8eb7,10,3,-0.5208524560232836,-0.06890964856156775,-1.6150092555761677,-0.5153573084301482,毕业于郑州大学临床医学专业。在上海二医大附属新华医院耳鼻喉科进修,三甲医院，工作34年。擅长耳鼻喉科常见病，多发病，咽喉炎，鼻炎，过敏性疾病的诊治及鼻内镜，电子喉镜的操作与诊断
clinic_web_6085d0cb861a3d96,3,1,-0.23726804511329266,-0.7601342262651497,-0.434177641010298,-0.3414641992218877,2007年肿瘤学学士；2010年肿瘤学研究生；2015年肿瘤学博士,肿瘤综合治疗，包括头颈部肿瘤、胸部肿瘤、腹部肿瘤、妇科肿瘤等放疗、化疗、姑息治疗、止痛治疗
clinic_web_d6e08b1672fecbc5,11,2,2.3483172563247607,0.513174206346708,0.7466539735555718,0.28515062533891306,整形美容医学博士，师从于国内外著名整形美容专家黄金龙教授。,擅长医学美容，包括双眼皮、眼袋、隆鼻、面部线雕、大V线提升抗衰老，自体脂肪移植、玻尿酸注射、肉毒素除皱瘦脸等微整形、胸部整形美容，面部轮廓整形，激光美容等
bce897958b5a0a384a13,12,1,-0.44203677077484105,0.07661131516549859,0.7466539735555718,-0.3834383979962954,湘雅医学院本科，湘雅医院胸外科硕士，湘雅二医院胸外科博士,肺癌，食管癌术前术后咨询，并发症处理，治疗方案建议，胸腺瘤，漏斗胸等胸部疾病咨询
dbb67b660637949b7eb0,1,0,-0.5627945650542071,-0.6873737444016139,0.7466539735555718,-0.500366523153574,1.2009.9-2012.12武汉大学口腔医学院口腔修复学博士；2.2001.9-2004.7武汉大学口腔医学院口腔修复学硕士；3.1993.9-1998.7武汉大学口腔医学院口腔医学学士,武汉大学口腔医院修复科主治医师，口腔修复学博士。擅长数字化种植修复、前牙美学修复、固定义齿修复、局部活动义齿修复、全口义齿修复等，熟练掌握各种口腔常见疾病的诊疗原则，如龋齿、牙痛、牙髓炎、根尖周炎、智齿冠周炎、牙龈炎、牙周炎、牙齿畸形、牙列拥挤、口腔溃疡。
1643432b681c853cddf7,3,1,-0.36043339247902595,0.513174206346708,0.7466539735555718,-0.1495821476817382,中国医学科学院肿瘤医院住院医师北京协和医学院博士,肺癌，乳腺癌，甲状腺癌，胃癌，肠癌，肾癌，前列腺癌等多种恶性肿瘤及相关骨转移的治疗。此外包括软组织肿瘤，恶性黑色素瘤，骨肿瘤等。希望通过您提供的信息，能够给您满意的答复。希望我给您的建议:可以让您少走弯路，可以让患者得到及时正确的治疗。
b37d8423eaeda5a64617,9,1,-0.5024790245746916,-0.46909229881101183,0.7466539735555718,-0.5153573084301482,新乡医学院三全学院河南省人民医院眼科规范化培训,各种角膜疾病、青光眼、近视、老年性黄斑病变、糖尿病性视网膜病变等眼底疾病
clinic_web_b3ea802873ae9a53,5,0,-0.5098283971541284,0.040231074233733295,0.7466539735555718,-0.5123591513748333,硕士研究生，毕业于辽宁医学院，从事骨科工作10年，擅长于四肢骨折，复杂手外伤，断指再植，皮瓣修复手术，完成髋膝关节置换，腰椎间盘突出症治疗,腰椎间盘突出切除，腰椎体成型术，髋膝关节置换术，关节镜探查修复，交叉韧带重建，四肢骨折，手足外伤，骨病，肿瘤
96cba4a98bd0a94db8e4,8,1,-0.49316559553006056,0.6950754110055448,-0.434177641010298,-0.4973683660982592,本科就读于成都大学临床医学院，研究生就读于遵义医科大学，于成都市第二人民医院皮肤科和医疗美容科联合培养。,本人工作于成都市第二人民医院皮肤科，擅长痤疮、玫瑰痤疮、皮炎、湿疹、荨麻疹、银屑病以及雀斑、黄褐斑、太田痣等损毁性皮肤病的诊断和治疗。
136a5514264ceab66d43,4,1,-0.36543856863226304,-1.087556394651058,-0.434177641010298,-0.4493978532132218,河北北方学院本科医学学士学位,子宫肌瘤，子宫腺肌症，异位妊娠，卵巢良性肿瘤，功能失调性子宫出血，多囊卵巢综合症，子宫内膜异位症，盆腔炎，阴道炎，痛经，妇科体检，孕前体检，早孕检查，妊娠剧吐，人工流产，避孕措施
clinic_web_60882ce0626979d8,4,0,0.40611883888826167,-1.4149785630369611,-0.434177641010298,0.249172740675135,医学硕士，主治医生,"擅长阴道炎，外阴瘙痒，白带多，宫颈糜烂，盆腔炎，子宫肌瘤，子宫内膜异位症,卵巢囊肿，宫颈癌，子宫内膜癌，卵巢癌，月经失调，月经紊乱，月经不调，痛经，多囊卵巢，卵巢早衰，避孕，更年期综合征在产科方面包括流产，产检，产前诊断，妊娠期糖尿病，妊高症等，产后康复，热衷于母乳喂养。"
clinic_web_b1e6054125352447,8,0,1.5470455751856511,0.33127300168787116,0.7466539735555718,5.858724591169193,北京大学医学部。在北京大学第三医院第二门诊皮肤科,痤疮，湿疹，脂溢性皮炎，银屑病，体癣，甲真菌病，性病，雀斑，疤痕疙瘩，斑秃，病毒性疾病，带状疱疹，小腿溃疡、血管炎、过敏性紫癜等
cbdbace54ce9b39906ba,0,1,-0.08090380781975884,0.4767939654149427,-0.434177641010298,-0.2575158016730723,中西医结合专业,调理各种男科及生殖疾病，阳痿早泄，前列腺炎，脱发、失眠、睾丸疼痛、精索静脉曲、附睾炎睾丸炎，射精异常，精液报告解读等男科疾病有独到见解及临床经验。专业咨询，辩证调节。
448bc8cf16bcba9fc92a,5,1,-0.4507799898779641,0.4767939654149427,0.7466539735555718,-0.43440706793664763,医学硕士，在国内外发表文章10余篇，参与完成国家自然科学基金项目1项，市级科技项目1项，高校项目1项。,医学硕士毕业，擅长骨科常见问题以及多发病，尤其是颈椎病、肩周炎、腰椎间盘突出症、腰椎管狭窄症、膝关节痛等腰腿痛方面疾病有深刻研究
clinic_web_bb227b101526771e,4,3,-0.16060648631054716,-0.3235713350839403,-0.434177641010298,-0.4164181256047586,济宁医学院,妇科微创宫腔镜，腹腔镜。妇科肿瘤。产后康复指导。孕期营养指导，孕期体重管理。病理产科诊治。
aef562fab181508c3214,12,2,-0.25399420339752804,0.07661131516549859,-0.434177641010298,0.29414509650485754,2004年广东医科大学本科毕业，现读中山医在职研究生,泌尿男科相关疾病的诊治
clinic_web_7c9f48cad185c843,0,0,-0.502859164535697,0.6950754110055448,0.7466539735555718,-0.4583923243791663,高年资主治医师，硕士研究生，目前在三甲医院工作，具有丰富的临床经验,泌尿外科、普外科常见病，泌尿系感染，包皮过长，包茎，尿道下裂，隐匿性阴茎，睾丸附睾炎，手淫，男性不育，早泄，前列腺炎，前列腺结石，前列腺增生，泌尿系结石，泌尿系肿瘤，肾囊肿，肾错构瘤，尿失禁，甲状腺结节，甲状腺癌，痔疮，乳腺结节，乳腺增生，乳腺癌，静脉曲张，肝囊肿，脂肪肝，肝内钙化灶，胆囊炎，胆囊结石，胆囊息肉，胰腺炎，肠道肿瘤，疝气，脂肪瘤，动物损伤，皮肤感染，腰椎间盘突出症，肺结节，体检报告等
clinic_web_2b79043c8c506a4f,2,0,-0.3611303157408691,0.22213227889257012,0.7466539735555718,-0.3474605133325174,2010年毕业于武汉大学医学部临床医学七年制专业，之后一直在天津市第一中心医院肾内科工作。,擅长血尿、蛋白尿、尿路感染、急性肾炎、慢性肾炎、肾病综合症、肾功能不全、尿毒症等的诊治，在慢性肾脏病、血液透析、腹膜透析随访工作方面有丰富经验。
85c07dabaa23c6f27222,2,1,-0.4472953735687484,-5.016622415281932,-0.434177641010298,-0.47638126671105535,15年~19年中南大学湘雅医院神经内科博士,头昏头痛失眠抑郁焦虑神经退行性疾病尤其是老年性痴呆帕金森病的诊断与治疗
5cf07441bc5302951f57,9,0,-0.5591832354246563,0.5495544472784732,-0.434177641010298,-0.5243517795960927,主治医师，眼科博士，毕业于成都中医药大学，师从国医大师廖品正教授，毕业后一直从事眼科工作至今。对眼科常见病、多发病具有丰富的临床经验，尤其擅长葡萄膜炎、玻璃体疾病、眼底病、青光眼、屈光不正、干眼症、弱视、白内障的诊治，具有坚实的中西医系统理论知识，擅长运用眼部微针以及中医药方法治疗疑难眼底病。,擅长眼科常见疾病、多发病的诊疗，尤其擅长葡萄膜炎、玻璃体疾病、眼底病、青光眼、屈光不正、干眼症、弱视、白内障的诊治，擅长运用眼部微针以及中医药方法治疗疑难眼底病。
a886dfcd351a587a00a3,3,0,-0.4545813894880176,0.33127300168787116,-0.434177641010298,-0.3624512986090916,临床医学博士后，讲师，毕业于四川大学华西临床医学院，获肿瘤学博士学位，博士毕业后留院工作至今，目前在四川大学华西医院从事博士后研究工作和肺癌放化疗临床工作。以第一负责人身份主研一项国家自然科学基金面上项目，以及参与一项国家自然科学基金青年基金项目，并以第一或通讯作者发表6篇SCI文章。,擅长非小细胞肺癌和小细胞肺癌的放化疗、分子靶向治疗及免疫治疗等，掌握肺癌的精确放疗技术，包括IMRT、IGRT与SBRT等，以及擅长早期肺癌和脑、骨、肝、肾上腺等肺癌寡转移瘤的SBRT治疗。师从我国著名肺癌外科专家周清华教授，对微小结节肺癌的诊疗有丰富的经验。
clinic_web_c8d486ca1ac0beb6,9,2,0.49557844304485393,0.6950754110055448,-0.434177641010298,1.5233894891839403,1996年毕业于上海医科大学临床医学专业,擅长白内障、青光眼的手术治疗，泪道激光治疗、糖尿病视网膜病变的激光和手术治疗
710f7310834c36750eb0,0,1,-0.48233160664140806,0.22213227889257012,-0.434177641010298,-0.4583923243791663,延边大学泌尿外科学研究生，春雨互联网品牌医生,擅长男科问题，不育，勃起障碍，男性，女性性生活等及前列腺，膀胱相关问题欢迎咨询，各种泌尿系统疾病，如性功能障碍，早泄，房事中途疲软，射精快，包皮过长及包皮术后护理，包茎，阴茎红肿，阴茎疾患，阴茎歪曲，尿道分泌物，尿道狭窄等诊治。擅长尿频，尿急，尿痛，尿不尽，尿血，尿道分泌物，前列腺炎，血精，前列腺增生，前列腺癌的指导用药。阴囊痛及阴囊追涨感，睾丸痛，附睾炎，睾丸扭转，阴囊外伤的诊治，可给予肾上腺疾患、泌尿系结石（肾结石，输尿管结石，膀胱结石，尿道结石）、肾囊肿，肾肿瘤，输尿管肿瘤、膀胱肿瘤，阴茎肿瘤指导治疗。可给予肾外伤，膀胱外伤，膀胱漏，尿道外伤指导治疗。
d85afb0d42fd061cc840,10,0,-0.36410807876874435,0.003850833301962831,-0.434177641010298,-0.4374052249919625,2015年6月于山东大学医学院临床医学博士毕业，7月于山东大学齐鲁医院耳鼻喉工作至今,耳鼻喉科常见疾病的诊治，擅长中耳炎治疗、人工耳蜗植入和其他耳科常见疾病手术治疗。
79704237dbf5ed09d350,1,1,-0.527378192020542,0.6950754110055448,0.7466539735555718,-0.4943702090429444,2013年-2018年就读于中南大学湘雅口腔医学院口腔医学（五年制）2018年至今于中南大学湘雅二医院任住院医师,常见口腔问题，口腔癌，口腔颌面部肿瘤
clinic_web_c4a610a6aa05f74c,7,0,0.5237088001592498,0.6950754110055448,0.7466539735555718,0.6659165713638973,上海交通大学医学院儿科学硕士，毕业后就职于浙江大学医学院附属儿童医院,各种儿内科疾病如手足口病、疱疹性咽峡炎、上下呼吸道疾病（发热、鼻塞流涕、咳嗽、气急、声嘶、气喘、鼻炎、喉炎、支气管炎、肺炎等）、胃肠道疾病（呕吐、腹泻、腹痛、便血）、皮疹（汗疱疹、湿疹、病毒疹等）、脑炎（头疼、呕吐、惊厥抽搐、意识障碍等）、心肌炎、慢性咳嗽、反复呼吸道感染等的诊治，以及中毒、各器官功能衰竭等小儿急/危重症的抢救，及住院/院后指导。
4647c810af1ee0850bf2,0,3,-0.2079339114557132,0.2948927607561059,-0.434177641010298,0.09027041674344868,1978.02----1982.07皖南医学院医疗专业1990.09---1991.08上海交大医学院附属仁济医院泌尿外科进修学习2000.02---2000.05温州医科大学附属医院生殖医学中心学习2007.09---2008.06皖南医学院2007级临床医学研究生（在职）班学习,彭弋峰是生殖医学及男科学教授、安徽省江淮名医（第二届）。主治：射精快、逆行性射精、性交不射精、射精痛及血精。阴茎勃起不坚／勃起困难、无性欲／性欲低下、性欲亢进、性唤起障碍、性高潮缺乏。小阴茎、阴茎弯曲畸形。包皮过长／包茎。小睾丸症，附睾及输精管疾病。少、弱、畸形精子症所致不育症、无精子症、精液不液化。急、慢性前列腺炎。皖南医学院弋矶山医院是国家首批三甲医院，性医学科（男科）是安徽省卫计委第三周期临床医学重点发展学科，能开展精液各参数检测及精子形态学分析，能够测定性激素，检测阴茎头敏感度、夜间阴茎勃起监测、阴茎勃起硬度及动脉血流检测、视听性刺激+阴茎勃起硬度测定、负压吸引阴茎助勃治疗、早泄脱敏治疗等。可以做睾丸／附睾穿刺抽液查找精子、睾丸活检、输精管造影、输精管吻合、包皮环切上、阴茎延长及弯曲矫正手术等。
5b8dc1eddb6b0ddd44be,2,1,-0.535424487861822,0.6586951700737795,0.7466539735555718,-0.5063628372642037,2012年至2017年湖北医药学院本科临床医学专业2017年至2020年华中科技大学同济医学院附属同济医院住院医师规范化培训目前服务于基层医院,可完成内科各系统病的诊断和治疗工作，对消化系统呼吸系统心血管系统疾病有较深的认识。
clinic_web_898a41e14805c987,10,0,-0.49417930209274147,-1.196697117446359,0.7466539735555718,-0.32647341394531354,临床医学硕士毕业后一直在省级三甲医院工作至今,研究生毕业后从事耳鼻咽喉头颈外科临床工作，擅长本科室常见疾病的诊治，如过敏性鼻炎、慢性单纯性鼻炎，鼻出血、鼻窦炎、鼻中隔偏曲、鼻腔鼻窦良恶性肿瘤、耳聋耳鸣、各种中耳炎、慢性咽喉炎、扁桃体炎、会厌囊肿、声带息肉。另尤其对头颈咽喉部肿瘤，如:喉咽恶性肿瘤、甲状腺良恶性肿瘤等头颈部肿瘤有比较深入研究及诊治。能独立开展鼻内镜鼻窦手术以及头颈部位的常规手术，以及耳鼻咽喉的常规内镜操作手术。
0abfd7e8de17070e498d,13,0,-0.4949395820147522,-0.1416701304251035,-1.6150092555761677,-0.5063628372642037,医学博士,擅长妊娠相关疾病的诊治，特别是高危产科疾病的诊断与治疗，如妊娠期糖尿病，妊娠期高血压，妊娠合并甲状腺疾病等。
clinic_web_3696b37f9da532de,5,0,-0.49227860228771475,0.4040334835514069,-0.434177641010298,-0.38044024094098056,2011年兰州大学第一附属医院毕业，毕业后一直从事骨科医生工作，进修北京大学人民医院,创伤骨科，骨与关节疾病，脊柱外科疾病，小儿骨科，先天畸形，手外科，显微外科，血管外科
4006c4c58522294613a5,3,2,-0.5580428155416403,-0.6509935034698486,0.7466539735555718,-0.5183554654854631,中山大学医学博士,骨与软组织肉瘤外科治疗：脊柱肿瘤（颈椎、胸椎、腰椎和骶骨），骨转移瘤，病理性骨折，骨肉瘤，软骨肉瘤，尤文肉瘤，骨巨细胞瘤，纤维结构不良，骨囊肿，动脉瘤样骨囊肿，神经鞘瘤，腘窝囊肿，腱鞘巨细胞瘤，未分化肉瘤，滑膜肉瘤，脂肪肉瘤，横纹肌肉瘤，纤维肉瘤和恶性黑色素瘤等
19a4e9eb85339bec0b27,2,2,-0.5250339955943424,-0.06890964856156775,-1.6150092555761677,-0.5243517795960927,医学博士在读。，复旦上海肿瘤医院，复旦上海中山医院进修。发表scI文章一篇。中华核心数篇,呼吸，消化，肿瘤疾病的诊治
35e3589a352af3f8df44,10,1,-0.44761215686958616,0.6950754110055448,-0.434177641010298,-0.4733831096557405,毕业于福建医科大学,擅长于耳鼻咽喉科常见病、多发病的常规诊疗，如过敏性鼻炎、咽痛，咽痒，咽喉炎、耳聋耳鸣、咽喉异物等。
clinic_web_0947d7fdd9931180,2,1,0.25532998768947296,0.6950754110055448,0.7466539735555718,1.607337886732756,空军军医大学（原第四军医大学）硕士，致力于呼吸内科常见疾病的诊治研究,擅长呼吸内科常见疾病诊治（如上呼吸道感染，肺癌，肺结核，肺炎，慢性阻塞性肺疾病，支气管炎，支气管哮喘，支气管扩张等）及部分疑难病诊治（如不明原因发热、不明原因咳血、不明原因咳嗽、不明原因呼吸困难等）；对其他系统疾病的诊治也有一定研究。
db8fd9478ce44acb2e26,5,0,-0.565962398062585,0.6950754110055448,0.7466539735555718,-0.5303480937067224,黄玮，医学博士，德国海德堡大学博士后韩国首尔大学盆唐医院及韩国高丽大学安岩医院访问学者华中科技大学附属协和医院骨科医院主治医师中国医师协会运动医学医师分会青年委员中国医师协会运动医学医师分会健康科普专业学组委员中国医师协会骨科医师分会青年讲师团讲师中国研究型医院学会骨科创新与转化专业委员会运动损伤学组委员中国医药教育协会肩肘运动医学规范化培训湖北中心常委兼秘书长中国医药教育协会冬季运动损伤分会委员SICOT（国际矫形与创伤外科学会）中国部数字骨科学会湖北省分会常委湖北省科普作家协会医学科普创作专业委员会外科分会常委兼秘书长湖北省老年学学会骨质疏松专业委员会委员及青年专业分会委员华中科技大学首届临床医学八年制（本博连读）毕业留校工作。,骨关节疾病及创伤和运动损伤的诊治和关节镜微创手术治疗。包括颈椎病，腰椎病，骨质疏松，关节损伤（膝关节-半月板、前后交叉韧带、软骨损伤，髌骨脱位等，肩关节-冻结肩、肩袖损伤、盂唇撕裂、习惯性脱位等，髋关节-髋臼撞击综合症，髋臼盂唇撕裂等，踝关节-踝关节扭伤，韧带损伤，距骨坏死等）、关节炎、关节功能障碍；骨坏死（早期股骨头坏死）；骨梗死、关节内骨折以及不明原因的关节疼痛，肿胀等
df905d0312f3616983ad,10,1,-0.47707300384750073,0.003850833301962831,-3.9766724847079074,-0.4583923243791663,2018-四川大学华西医院耳鼻喉科在读博士2016-2018四川大学华西医院听力中心2013-2016西南医科大学临床医学院耳鼻喉硕士＋住院医师规范化培训2008-2013西南医科大学临床医学学士,擅长耳鼻喉科常见疾病，如鼻炎，喉炎。尤其是耳内科疾病如耳鸣，耳聋，眩晕等的康复，以及各年龄段的听力与言语疾病。
03152c53257516cdfad8,11,0,-0.5228798691486454,-3.6341732598747734,0.7466539735555718,-0.5213536225407779,解扬子，医学硕士，毕业于兰州大学，河北省整形美容协会会员，祛斑抗衰联盟会员，擅长除皱、瘦脸、玻尿酸注射，皮肤美容治疗，光声电治疗，眼部及鼻部综合面部年轻化治疗，对瘢痕、皮肤肿瘤、皮肤缺损等皮肤软组织疾病颇有研究。,擅长眼、鼻、耳、唇的整形美容，除皱、瘦脸、玻尿酸注射，皮肤美容，皮肤祛斑抗衰治疗，光声电治疗，眼部及鼻部综合面部年轻化治疗，对瘢痕、皮肤肿瘤、皮肤缺损等皮肤软组织疾病颇有研究。
clinic_web_760ceeaf092db812,11,2,-0.1828446740293601,-0.2508108532204046,0.7466539735555718,-0.23053238817523877,师承中国医学科学院整形外科医院,吸脂，乳房整形，私密整形，瘢痕，皮肤肿瘤，色素痣色素斑，如扁平疣，睑黄瘤，脂溢性角化病，痦子，猴子，处女膜修补，阴唇整形，阴道紧缩，腰腹四肢吸脂，提臀，大乳缩小，小乳变大，乳头内陷，雀斑，老年斑，咖啡斑，黑胎记，皮肤美白治疗，面颈部微整形等。无痕开眼角，面部颈部年轻华化除皱，双眼皮，眼袋，隆鼻等
clinic_web_5ea73e16c0cda0a0,0,2,0.69236422952529,-1.6696402495593337,0.7466539735555718,0.04229990385841131,大学本科,男性不育。男性生殖泌尿系统疾病
ae249bd7a62158d1b014,6,0,-0.4747921640814686,0.622314929142009,-0.434177641010298,-0.464388638489796,2010年获得硕士研究生学历，导师为国医大师张珍玉教授关门弟子。参加工作10年，曾在肿瘤科工作6年。,擅长治疗感冒、咳嗽、急慢性支气管炎、失眠、慢性胃肠炎、不明原因腹痛、月经不调、痛经、不孕不育、更年期综合征、乳腺增生及各种疑难杂症，运用传统中医治疗常见恶性肿瘤及放化疗副反应。
a3e6b6bde9e19955f3fb,1,1,-0.5171777697335651,0.6950754110055448,-0.434177641010298,-0.4943702090429444,本科学历，现于中南大学湘雅二医院进行住院医师规范化培训。,牙髓炎，根尖周炎，龋齿，智齿冠周炎，颌面部肿物等常见疾病。儿童龋齿，以及预防，早期错合畸形。
clinic_erke_wenchunling,7,2,2.122260692846913,0.44041372448317223,-0.434177641010298,0.3091358817814317,2011年晋升为副主任医师|2003年获得首都医科大学硕士学位|1997年获得首都医科大学学士学位,温春玲，副主任医师，硕士研究生。从事儿科临床、教学、科研工作20余年。在新生儿及婴幼儿常见病，如发热，急性呼吸道感染，急/慢性咳嗽，鼻炎，呕吐，腹泻，肠绞痛，尿布疹，湿疹等方面积累了丰富的经验。同时，在新生儿及婴幼儿保健，如疾病预防，营养评估及补充，早期干预训练，智力开发等方面同样经验丰富。
3c1723da39c9e9966620,1,1,-0.5500598763605279,0.33127300168787116,0.7466539735555718,-0.5153573084301482,2021年湖南中医药大学取得口腔医学学士学位2018年-至今于中南大学湘雅二医院口腔住院医师,擅长口腔牙体牙髓病、粘膜病、牙周病等口腔疾病对口腔癌、口腔良性肿瘤等疾病鉴别有丰富经验对假牙的牙齿修复方案有独到的见解提供口腔颌面部外伤急诊指导意见及预后恢复帮助
clinic_web_cedf2df8c04fb886,1,2,-0.0890134603212063,0.513174206346708,0.7466539735555718,0.05129437502435582,中南大学医学学士，武汉大学医学硕士；2007-2014年海南医学院工作，口腔病理学副教授；2015年至今武汉大学口腔医院病理科工作。,擅长口腔颌面部常见疾病的诊断和治疗，如龋病、牙髓炎、根尖周炎、牙龈炎、牙周炎、智齿冠周炎、口臭、黏液囊肿、口腔溃疡、扁平苔藓、口腔白斑、唇炎、舌炎、口角炎、牙体缺损、牙列缺损等，对口腔颌面肿瘤如口腔癌、唾液腺肿瘤、牙源性肿瘤等病理诊断、分型、治疗方案和预后分析，以及口腔颌面部少见肿瘤有深入的研究。
52fcabe2c1fdf4527db6,11,1,-0.5014019613518431,0.4040334835514069,-0.434177641010298,-0.5093609943195185,吉林大学第一医院整形美容外科住院医师,1.痣，瘢痕，体表肿物切除修复美容缝合及创伤后修复愈合，创面形成后的疤痕预防等美容修复2.双眼皮，隆鼻，瘦脸，腋臭，去眼袋，注射除皱，脱发，毛发移植等美容整形
clinic_web_67e8ebdd0644dccc,7,1,-0.2484821739629505,-0.5782330216063128,-0.434177641010298,-0.4733831096557405,2015年毕业于三峡大学医学院,擅长儿科常见病的诊治，在儿科呼吸系统、消化系统、过敏性疾病以及新生儿疾病的诊疗积累了丰富的临床经验。
clinic_web_aba9864f57dd4553,7,0,0.78214061698272,0.33127300168787116,-0.434177641010298,2.35387899350615,北京大学医学部第三医院,擅长呼吸系统疾病，消化系统疾病，过敏性疾病，手足口病、猩红热、水痘、传染性单核细胞增多症，新生儿疾病等等儿科常见病及多发病的诊治。
127998d5ce6d78dae1b6,2,1,-0.4902511891623529,-0.6873737444016139,0.7466539735555718,-0.5213536225407779,华北理工大学研究生学历,脑血管病（脑梗死，短暂性脑缺血发作，短暂性全面遗忘），帕金森综合症，癫痫，认知功能障碍，格林巴利，重症肌无力，脑炎等。
e2ed750f120f590dae52,1,1,-0.5221195892266347,0.6950754110055448,0.7466539735555718,-0.4973683660982592,经系统专业的口腔口腔知识学习，从业三年余,口腔疾病诊疗
208ddf38d02baec59b2f,6,0,-0.5545581992324246,0.4767939654149427,0.7466539735555718,-0.5243517795960927,本科毕业于南京中医药大学中医学专业，硕士毕业于南京大学临床医学专业（心血管内科方向），博士就读于南京中医药大学中西医结合专业业。,心力衰竭、重症肺炎、呼吸衰竭、脓毒症、休克、急性心肌梗死、急性肾损伤等急危重症疾病，重症营养支持等中西医治疗，重症患者后期康复管理。
a0769deec6279a5442d2,0,0,-0.3250170194453609,0.44041372448317223,-0.434177641010298,-0.35045867038783224,本科学历，毕业于重庆医科大学临床医学专业，从事泌尿外科、男科临床工作20余年，2018年12月至2019年6月在上海交通大学医学院附属仁济医院（上海市男科学研究所）进修学习男科、泌尿外科。,1）、各类性功能障碍（勃起功能障碍、早泄、不射精症），尤其是新婚夫妇性不和谐；男性生育力评估，男性不孕不育、无精子症、严重少弱精子症的规范化+个性化诊治（擅长男性激素调节促生精治疗）；反复胎停（习惯性流产）的男方因素评估及遗传因素分析；男性私密微创整形修复手术，阴茎整形手术等；显微外科手术治疗：精索静脉曲张、结扎术后输精管再通、睾丸显微取精术，输精管附睾显微吻合术等。辅助生殖治疗（试管婴儿）前的男方评估与精子质量促进。2）、以及擅长尿路感染、尿结石、肾结石、输尿管结石、泌尿系统肿瘤、前列腺增生、前列腺炎、泌尿系统感染，包皮龟头炎等泌尿外科、男科疾病的诊治。对泌尿外科、男科常见疾病的诊治具有丰富的临床经验。
clinic_web_88722f35e987eaf1,5,3,-0.33939898130339663,0.6950754110055448,0.7466539735555718,-0.1076079489073305,北京积水潭医院创伤骨科主任医师，1977年2月毕业于白求恩医科大学医疗系。具有在国、内外四十余年的临床经验。参加科研课题，曾获北京市科学技术三等奖。作为中国医疗队队员、队长曾两次赴非洲完成援外任务。对创伤骨科，四肢多发骨折，关节内骨折，陈旧骨折、骨折不愈合及骨折感染等疑难病症的治疗有丰富的临床经验，并擅长治疗颈、肩、腰腿痛及骨质疏松等骨科临床常见病。（现执业地点：北京大学第三医院二门诊出骨科专家门诊）,骨折、骨拆不愈合、骨折感染、陈旧性骨折、腰腿疼痛、骨关节炎等的治疗。
clinic_web_37be3b4ac46c972a,7,3,-0.34864905368786014,0.6950754110055448,-0.434177641010298,-0.38044024094098056,1984年毕业于河北医学院获医学学士学位，2001年获得河北医科大学临床医学硕士学位,小儿内科感染、发热性疾病，呼吸、消化系统疾病及小儿神经，尤以癫痫、抽动症及小儿心血管疾病擅长
clinic_web_f76d237c17e2f444,7,3,0.7483715171134114,0.040231074233733295,0.7466539735555718,1.3255111235331611,2018年晋升主任医师2013年晋升为副教授、硕士生导|2011年晋升为副主任医师|2007年获得儿科博士学位|2002年临床医学学士学位,早产低体重儿治疗、新生儿黄疸、新生儿肺炎、新生儿窒息复苏、新生儿呼吸窘迫呼吸征等常见新生儿疾病，婴幼儿生长发育及喂养、辅食添加、过敏性疾病、及小儿科各系统常见病、多发病的诊治。
ada7ef38aba2ac39a681,2,1,-0.16155683621306052,0.36765324261963644,-1.6150092555761677,-0.34446235627720256,石河子大学，临床硕士学位，师从武丽君教授，擅长风湿免疫性疾病的诊断与治疗,类风湿关节炎，系统性红斑狼疮，干燥综合症，强直性脊柱炎，痛风，系统性硬化症等内科疾病
clinic_web_bb5101367d191104,12,0,-0.06588827936004753,-0.6873737444016139,-0.434177641010298,-0.20055081762209043,泌尿外科专业硕士,擅长治疗泌尿生殖系统常见疾病，如前列腺炎、前列腺增生，泌尿系统结石、睾丸炎，附睾炎，精囊炎，男性勃起功能障碍及不育症等。
2c6cba33e0065172a7e2,12,1,-0.5065972074855829,0.6950754110055448,-0.434177641010298,-0.464388638489796,2009年毕业于贵州中医药大学中西医临床医学专业，于2012年开始从事肛肠科诊疗工作，2017年在成都中医药大学附属医院肛肠科进修学习。,本人从事肛肠专科诊疗工作6年，擅长于肛肠科常见病、多发病以及疑难病例的诊治，通过中西医结合对高位复杂性肛瘘、各期混合痔、内痔、外痔、直肠脱垂、肛裂、肛乳头瘤、肛门湿疹、肛周坏死性筋膜炎、骶尾部藏毛窦等疾病的手术治疗，特别擅长于TST、PPH、RPH等微创手术，术后结合中医药治疗，创伤小，恢复快。
3d1f24a5093c5612a122,9,2,0.5102771882037275,0.18575203796079964,-0.434177641010298,-0.06863190718823763,我从事眼科临床工作26年，在工作中，具有丰富的临床经验，多次在专科医院进修学习。在理论联系实践的工作中，不断地充实自己的临床工作，多次受到病人的好评！,各种外眼疾病，白内障，青光眼及眼底，各种疾病的诊疗。
clinic_web_538cba80b370f8c9,13,3,-0.47954391359403553,0.6950754110055448,-0.434177641010298,-0.4673867955451108,毕业于新疆医科大学，先后在山东省立医院、中山医科大学附属生殖中心、山东大学附属生殖医院学习。每年多次参加专业学术会议交流。,1.孕产妇保健指导，产科常见病、多发病，产科各种并发症、合并症等产科疑难病症如妊娠高血压，妊娠期糖尿病，前置胎盘，胎盘早剥，产后出血，复发性流产等疾病的诊治，以及产科危重病人抢救。2.妇科常见病、多发病如妇科炎症阴道炎、盆腔炎，子宫肌瘤，卵巢囊肿，卵巢肿瘤，子宫内膜异位症等疾病的诊治。3.内分泌功能紊乱如月经不调，多囊卵巢综合症，不孕症，异常子宫出血，更年期综合症等疾病的诊治。
0e0e4cf04cb0be37478a,4,1,-0.20463936512700015,-0.46909229881101183,-0.434177641010298,-0.3564549844984619,2015年7月5日毕业于潍坊医学院，2015年7月10日工作于枣庄市妇幼保健院至今。工作认真，负责得到了同事及患者的一致好评,子宫肌瘤、阴道炎、宫颈炎、月经不调、hpv感染、宫颈鳞状上皮内瘤变、卵巢囊肿、不孕、多囊卵巢综合征、痛经、子宫腺肌症、妇科肿瘤等早中晚孕期产检咨询及常见疾病诊断和治疗
e9f718c0f45bc588e478,13,0,-0.3248903061250258,0.22213227889257012,-0.434177641010298,-0.29949000044748003,临床医学妇产科博士,产前诊断咨询，孕早期意外用药（高风险）对胎儿影响咨询。唐筛、无创DNA和羊水穿刺结果解读，大畸形筛查（四维彩超）及普通产检超声结果解读。围产期营养咨询，分娩方式咨询。妊娠期糖尿病运动饮食咨询建议携家属一起电话咨询。羊穿基因报告解毒建议先图文咨询后+电话咨询。
c34b5c5f12e762607d71,12,2,-0.2149031440741446,-2.360864827262916,-0.434177641010298,-0.4224144397153883,2007年毕业于，哈尔滨医科大学，临床医学专业。,泌尿系统，男性生殖疾病，普外科疾病，肛肠科疾病，乳腺科疾病，胸外科疾病，手脚外伤等
c8d193a28cb378820b89,11,0,-0.013682391381979507,0.22213227889257012,0.7466539735555718,-0.27850290106027614,哈尔滨医科大学本科、研究生毕业哈尔滨医科大学附属第一医院整形美容中心主治医师,肿物切除、瘢痕修复、毛发移植、个性化双眼皮、内眼角开大术、睑周年轻化、女性器官整形等整形手术。注射除皱、瘦脸、瘦小腿、隆鼻、隆下颏等微创注射项目。
5caefb15efb05e753064,1,1,-0.5035560877975401,-0.6873737444016139,0.7466539735555718,-0.5183554654854631,毕业于青岛大学口腔医学专业，口腔颌面外科方向硕士研究生。,擅长口腔颌面外科、口腔修复科、牙体牙髓、牙周、及粘膜等常见、多发、疑难病的诊断及治疗。
clinic_web_0fda519219255267,1,0,0.2982224466229099,0.5859346882102437,-0.434177641010298,0.03930174680309647,荆楚理工学院口腔医学毕业，工作10年,全麻拔牙、心电安全监护拔牙、微创拔牙、超声刀拔牙、即刻种植拔牙、牙槽骨功能和外形保存性拔牙等。　　　　个性化治疗颌面部肿瘤专科：针对各种口腔颌面部囊肿、良性肿瘤、瘤样病变、恶性肿瘤，实行个性化方案治疗，考虑到患者心理与生理的平衡，兼顾到患者容貌与功能的统一。
805c3731ebfbdb157809,0,1,-0.5211692393241213,-0.10528988949333822,-1.6150092555761677,-0.4943702090429444,目前吉安市中心人民医院工作,阳痿、早泄、包皮过长、包茎、前列腺炎、梅毒、淋病、尖锐湿疣、尿道炎、生殖器疱疹等疾病。
clinic_web_dcc0c2c654c1dfd6,8,0,-0.5050132909813939,0.513174206346708,0.7466539735555718,-0.5093609943195185,华中科技大学同济医学院附属协和医院,过敏性皮肤病（荨麻疹、湿疹、皮炎、药物疹、接触性皮炎等），炎症性皮肤病（痤疮、疖、丹毒等）等常见皮肤科疾病，皮肤影像学检查。
a36b3cdd35569c4ade22,11,2,-0.5548116258730947,-1.8879216951499358,0.7466539735555718,-0.37744208388566575,南昌大学,从医30多年，长期从事美容医学研究与实践，在国内较早开展美容外科，擅长眼、鼻整形，在中西结合治疗黄褐斑、皮肤色斑，疤痕等方面独具特色，是国家第一批美容主诊医师，湖南省中西结学会医学美容学会副主任，中国中西结学会美容学会常务理事。
clinic_web_262829644dda27b0,1,1,-0.47365174419845263,0.22213227889257012,0.7466539735555718,-0.38643655505161023,毕业于北京大学口腔医学院，获得医学博士学位。现工作于北大口腔医院,口腔科常见疾病诊治，拔牙，阻生智齿拔除，种植牙，龋齿补牙，牙髓炎根管治疗，牙周炎治疗，牙龈出血，牙齿修复，口腔黏膜疾病诊治，口腔颌面部创伤、肿瘤、正颌、唇腭裂的诊治
709cc5a61eff50315a9c,2,0,-0.5100818237947986,-0.1416701304251035,0.7466539735555718,-0.500366523153574,毕业于山东大学医学院，硕士。山东省消化病IBD学组组员，枣庄消化介入委员会委员，枣庄中西医消化委员会委员。,肠易激综合征，炎症性肠病，胃食管反流病，消化道肿瘤早诊早治。胃肠道息肉。消化道出血。急性胰腺炎。
c11f6e76c32ae69cebe7,6,1,-0.44152991749350057,-0.28719109415217503,-0.434177641010298,-0.4404033820472773,,擅长临床常见病、多发病诊疗。中西医结合治疗性功能障碍，如阳痿、早泄、遗精、滑精、不射精、射精疼痛、性欲低下等;前列腺精囊疾病，如急慢性前列腺炎、良性前列腺增生、精囊炎等;以及脑血管疾病（脑梗死、脑出血）、偏头痛、脑部炎症性疾病（脑炎、脑膜炎）、阿兹海默症、代谢和遗传倾向疾病、三叉神经痛、周围神经病及重症肌无力的诊断及中西医治疗。
d572dd1d0d82b8e84ef2,1,0,-0.11562325759158078,0.6950754110055448,0.7466539735555718,-0.22153791700929426,毕业于山东大学口腔医学七年制专业，本硕连读，后于北京大学口腔医院进修学习一年。获得全国综合病例大赛百强,擅长口腔外科，牙槽外科，急慢性牙髓炎，牙周炎，根尖周炎的诊疗及治疗及口腔修复治疗，以及头颈肿瘤放射治疗前后的口腔诊疗。工作多年，获得全国综合病例大赛百强。发表多篇国际期刊论文。
1521642caa16875111ef,9,1,-0.431139425226021,-1.8879216951499358,-0.434177641010298,-0.4583923243791663,上海交通大学医学院，博士,眼科常见疾病
clinic_web_44a1d39765ca491c,8,0,-0.0058261655212022805,-0.28719109415217503,-0.434177641010298,0.08727225968813385,就读于重点大学临床医学系,常见皮肤病，男女性病，青春痘的预防与治疗，过敏性皮肤病的诊断和治疗。长期从事皮肤病学的研究和治疗，积累了大量经验与实践感悟，致力于皮肤病人群，重点疑难解惑
clinic_web_720cc68fd807f8c4,0,2,2.162238745412642,0.6950754110055448,-0.434177641010298,2.44682186222091,毕业于福建中医药大学中西医结合男科硕士专业,"男性功能障碍（阳痿早泄），男性不育，前列腺炎，前列腺增生，前列腺癌，性传播疾病，泌尿系感染，泌尿系结石，包皮过长，包茎，生殖器官畸形，本着实事求是的原则，可为广大男性患者提供一个咨询服务。对于阳痿早泄，遗精，勃起功能障碍，性功能障碍，疲软，敏感，手淫，撸管，脱发，不充血，早射，前列腺炎，前列腺增生，前列腺增大，前列腺肥大，包皮龟头炎，尿道炎，尿道灼热，尿道流脓，尿道分泌物，解脲脲原体，人型支原体，淋病，非淋菌性尿道炎，包茎，睾丸附睾炎，精索静脉曲张，弱精少精无精畸精，不育不孕，男性不育，阴囊湿疹，珍珠状丘疹，试管婴儿，阴囊潮湿，阴茎短小，珍珠疹，阴囊潮湿，包皮过长，包皮手术，包皮炎，肾虚，膀胱过度活动综合症，性欲低下，性欲强，性冷淡，男性不育，少精症，无精症，弱精症，畸精症，肾阳虚，肾阴虚，低促性腺激素性性腺功能减退症，高促性腺激素性性腺功能减退症，高泌乳素血症，垂体瘤，低促，高促，显微取精术，显微精道重建术，输精管吻合术，输精管附睾吻合术，ED，PE，显微精索静脉曲张结扎术，孕前检查，孕前体检，流产。男性因素检查，勃起不坚，勃起无力，尿频，尿急，尿不尽，尿痛，尿道分泌物，衣原体，淋球菌，支原体，勃起不硬，时间短，射精快，不持久，龟头敏感。善用中西医结合的方式，使用中草药外加西地那非，他达拉非，必利劲，达泊西汀，金戈，万艾可，希爱力，艾时达，爱廷玖，万菲乐，伟哥，酚妥拉明，伐地那非,参茸鞭丸，等药物配合治疗男科疾病。对于延时，坚挺，外用药物使生殖器增粗，变大，增长，延长，提升患者快感，自己配制中国神油，效果立竿见影，有突出成果。善用古方，如：清肝解郁汤，仙方活命饮，补中益气汤，启阳娱心丹，五味消毒饮，黄连解毒汤，四妙勇安汤，五神汤，牛蒡解肌汤，阳和汤，冲和汤，透脓散，托里消毒散，消风散，当归饮子，海藻玉壶汤，四海舒郁丸，四妙散，全虫方，治疣方，开郁散，凉膈散，普济消毒饮，清暑汤，瓜蒌牛蒡汤，柴胡清肝汤，草薢渗湿汤，二至丸，八正散，平胃散，龙胆泻肝汤，导赤散，参苓白术散，活血散淤汤，苦参汤，二矾汤，颠倒散，青黛散，清营汤和成药地奥司明，片仔癀痔疮膏，马应龙痔疮膏治疗一切外科病症"
clinic_web_7d7595bcf2826449,5,2,-0.3793136772089583,0.6950754110055448,-0.434177641010298,-0.32047709983468387,2003年山西医科大学骨科学硕士毕业，从事足踝专业15年,足踝外科专业，主攻足踝畸形矫正，拇外翻，平足症，马蹄內翻足，高弓足手术，包括各类翻修手术。
clinic_web_046aa1e5c52995fa,0,0,-0.5525941427672302,-0.1416701304251035,0.7466539735555718,-0.5093609943195185,毕业于中国医科大学，硕士研究生学历,本人毕业于中国医科大学，从前泌尿男科疾病的诊治多年。对男科疾病（如性功能障碍，阳痿，早泄，不射精等）的中西医结合治疗、性病的诊治（如尖锐湿疣，梅毒，支原体，衣原体感染等），前列腺疾病的诊治（如前列腺炎，前列腺增生等）、泌尿系结石及泌尿系肿瘤的微创治疗等有深入的研究！如有本专业问题，欢迎咨询！谢谢！
clinic_web_29ab1a98a97d27f9,8,0,-0.18778649352242965,0.6950754110055448,-0.434177641010298,-0.37144576977503607,2000年9月—2005年6月长春中医学院2005年9月—2008年6年长春中医药大学,擅长常见皮肤病的相关治疗，痤疮、荨麻疹、病毒疣、湿疹、带状疱疹等相关疾病的诊断与治疗。
clinic_web_0d035211de92ca89,10,3,-0.48233160664140806,-0.3235713350839403,0.7466539735555718,-0.32047709983468387,北京友谊医院耳鼻咽喉科知名专家、耳科组主任及变态反应组主任;北京医疗事故鉴定专家组专家;西城区残儿鉴定专家组专家;北京市药械管理专家委员会专家;,耳鼻喉科、小儿耳鼻喉科、尤其鼻科及耳鼻喉变态反应性疾病及其免疫治疗、疑难杂症等。花粉症、常年过敏性、鼻炎、鼻窦炎、腺样体肥大及其有关分泌性中耳炎、慢性扁桃体炎、咽炎等等耳鼻喉病变。致力于从预防为主的原则入手，综合诊断治疗的思路解决患者的问题。
clinic_web_11bdfc5df20db3da,1,0,0.3212842709239011,0.6950754110055448,-0.434177641010298,0.4860271480450071,山东医科大学，延边大学口腔医学院学术交流，学习研讨会，多次参与辽宁省口腔学术交流,常见龋齿，牙髓炎，根尖周炎等复杂牙拔除术，残根残冠，阻生智齿拔除，口腔常见囊肿，颌面小手术等牙齿不齐的矫正，地包天，深覆合，深覆盖等口腔义齿修复，烤瓷牙，全瓷牙，精密附着他，种植牙等牙周病，口腔黏膜病等的治疗
e4f00c615a8dea08a84a,5,1,-0.5346642079398112,0.6950754110055448,-0.434177641010298,-0.500366523153574,北京大学/哥伦比亚大学博士，北京大学第三医院脊柱外科主治医师,颈椎病腰椎间盘突出椎管狭窄滑脱颈椎外伤骨折脱位骨质疏松寰枢关节脊柱侧弯骨关节炎脊柱肿瘤后纵韧带骨化
clinic_web_c7a996b24df56e9f,8,2,1.204539470319831,0.6950754110055448,0.7466539735555718,4.992257202183206,中国人民解放军第四军医大学西京医院副主任医师；1983年毕业于中国人民解放军第四军医大学。,湿疹、皮炎、荨麻疹、银屑病等。疑难皮肤病：重症痤疮。结缔组织病：硬皮病、皮肌炎、红斑狼疮。血管炎：过敏性紫癜、结节性红斑。面部疑难问题：激素依赖性皮炎、痤疮炎症后色素沉着及瘢痕、黄褐斑、皮肤黑变病。注：年已花甲，不再坐诊，若需服务，请来春雨。
clinic_web_180e979cd10cbd44,0,0,0.3036711193973199,0.33127300168787116,-0.434177641010298,0.04829621796904098,本科及研究生就读于潍坊医学院,擅长泌尿男科方面的疾病，尤其是男性不育，男性功能障碍以及肾、输尿管、膀胱结石及前列腺增生的诊断及治疗，包皮过长的治疗，泌尿系感染，前列腺炎的诊断及治疗
2fe6e8324a50945831ee,8,2,-0.2574154630465762,0.36765324261963644,0.7466539735555718,-0.038650336635089266,应作霖，博士，上海市第一人民医院皮肤性病科副主任医师。中国协和医科大学皮肤性病学博士。美国德克萨斯大学访问学者。上海市医学会皮肤科分会性病学组委员；上海市性医学专业委员会性病学组委员；中华医学会皮肤性病学分会青委会委员；上海市医疗鉴定专家库皮肤科专家。2014年8月至2015年8月受上海市教委的资助公派赴美国留学，在美国的德克萨斯大学安德森癌症中心皮肤科做访问学者。应医生长期从事皮肤病与性病的临床医疗和科研教学工作，（先后在复旦大学医学院，中国医学科学院皮肤病医院，中国协和医科大学，美国德克萨斯大学和上海交通大学附属第一人民医院学习和工作）。,在上海市第一人民医院皮肤性病科工作。擅长各种皮肤病和性病，包括尖锐湿疣，梅毒，艾滋病，HPV病毒感染，生殖器疱疹，淋病，衣原体或支原体感染，非淋性尿道炎，包皮龟头炎，外阴溃疡，生殖器感染，病毒性皮肤病，真菌性皮肤病，皮肤肿瘤，以及脱发，白癜风，痤疮，灰指甲，荨麻疹，湿疹，皮炎，过敏性皮肤病都有丰富的临床诊疗经验。应作霖专家门诊时间是每周四全天和每周五上午。
clinic_web_e8cbc5b726acd069,8,2,0.047013289058541324,0.6950754110055448,0.7466539735555718,0.79783548179775,谢志宏，男，副主任医师。对常见多发皮肤病具有丰富的临床经验。擅长诊治感染性皮肤病，过敏性皮肤病，及皮肤病的激光和物理治疗。,湿疹荨麻疹等过敏性疾病，痤疮甲癣带状疱疹等感染性疾病，尖锐湿疣等性传播疾病，以及脱发，银屑病等等。
clinic_web_a1373118acb2d70f,10,0,0.5551970602625262,-0.1416701304251035,-1.6150092555761677,0.8068299529636945,进修哈尔滨医科大学,从事耳鼻咽喉科10年！对耳鼻咽喉科常见病及多发病（尤其是咽喉及鼻科疾病）的诊断及治疗有独特的方法！！！
a779746c6d13abf4f90f,12,1,-0.5464485467309771,-1.1603168765145886,0.7466539735555718,-0.5153573084301482,临床医学本科，泌尿外科学硕士,00000000000000000000000000000000000000000000000
clinic_web_ec2731815f00638f,13,2,0.19076955097873105,0.18575203796079964,0.7466539735555718,0.3301229811686356,北京大学第一医院妇产科副主任医师；中华医学会围产医学分会青年委员，北京医学会围产医学分会委员、学术秘书；北京医学会围产医学分会围产期重症学组委员；,妊娠期高血压性疾病、妊娠合并肾脏疾病等高危妊娠的围产期处理；先兆流产、早产、产前诊断（羊水穿刺等）；胎儿生长受限等胎儿发育异常。
clinic_web_ffb40a61e1711960,10,2,0.802224678255836,0.6950754110055448,-0.434177641010298,0.7888410106318055,吴元辉，解放军第206医院耳鼻咽喉－头颈外科主任。副主任医师。1992年毕业于白求恩医科大学口腔医学专业，从事耳鼻咽喉及口腔专业24年。对耳鼻咽喉及口腔颌面外科常见病、多发病及各种疑难疾病的诊断有较高的造诣。能熟练开展“喉癌的各种术式切除及发音重建”、“鼻内窥镜下的鼻腔及鼻窦微创手术”、“耳窥镜下乳突根治及鼓室成形术”、“复杂的颅颌复合外伤的治疗及多发性骨折复位”、“涎腺各种良恶性肿瘤切除术”、气管、支气管异物取出术”及“食道异物取出术”、“腭咽成形术”等重大疑难手术。对神经性耳聋、神经性耳鸣及梅尼埃病的治疗亦有独特的治疗方法。在中华级、国家级及省级等各级刊物上发表学术论文20余篇。,致力于耳、鼻、咽、喉、口腔颌面外科常见病、多发病及各种疑难疾病的诊断、鉴别与治疗。
clinic_web_5128a7d34c8cb7db,6,0,-0.5010218213908377,-0.178050371356874,0.7466539735555718,-0.4404033820472773,山西中医学院,注重精神、饮食、运动多重调养，综合运用中药、针灸、艾灸、刮痧等手段，治疗如下疾病：月经不调、乳腺增生、更年期综合征，脾胃病、带状疱疹、结肠炎、糖尿病、高血压、多动症、失眠、健忘、湿疹、痤疮、便秘、面瘫、头晕、头痛、三叉神经痛、颈肩腰腿疼痛及小儿近视等。另外在中医美容方面也有一定经验。
clinic_web_2696b95ea225c929,6,0,0.691350522962609,0.22213227889257012,-0.434177641010298,1.8891646499323504,2000年—2005年湖北中医学院针灸推拿专业2006年—2009年湖北中医药大学脾胃专业硕士,脾胃疾病，月经不调，痛经，带下病，颈肩腰腿痛，中风后遗症，带状疱疹后遗症，多囊卵巢综合症，男科病，咳嗽，哮喘，小儿发热等常见疾病及疑难杂病的诊断及治疗。
clinic_web_4a3a004d8338b456,3,2,0.10732882953805681,0.6950754110055448,-0.434177641010298,1.586350787345552,医学硕士,淋巴瘤、甲状腺瘤、腮腺瘤、乳腺肿瘤、血管瘤、脂肪瘤、粉瘤、腱鞘囊肿，各类癌症，肿块、黑痣、神经纤维瘤、皮肤癌、纤维外科、手外科、整形外科。
clinic_web_f510a53ed35b6749,0,0,-0.3297687689579278,-0.10528988949333822,0.7466539735555718,-0.38044024094098056,医学硕士研究生,硕士研究生，进修于北京大学第三医院，擅长不育症、性功能障碍等男科疾病的诊疗，熟悉前列腺疾病、泌尿系结石、感染、肿瘤等疾病的诊断治疗。有完整的少弱畸精子症、无精子症的诊疗体系，熟练掌握精索静脉结扎术、睾丸穿刺活检术、显微镜下睾丸切开取精术、显微镜下输精管吻合术等手术；熟练精囊镜、膀胱镜、电切镜、输尿管镜、腹腔镜等相关手术。
clinic_web_bb6ca5c974440f35,5,0,-0.0966162595413133,0.5495544472784732,-0.434177641010298,-0.19155634645614592,毕业于河北医科大学临床医学专业，先后于攀钢总医院及沈阳经济技术开发区人民医院从事临床一线工作。,公立三甲医院从事临床一线工作九年，擅长各类骨伤疾病，以及泌尿外科疾病，急腹症等，尤其擅长骨科及泌尿外科疾病的诊断和治疗，为很多患者缓解了痛苦治愈了疾病。
clinic_web_b404d817508e52a5,7,0,0.7896167028824919,0.6950754110055448,0.7466539735555718,1.6882881272262564,20余年的儿科临床经验,擅长呼吸系统疾病，消化系统疾病，儿童生长发育及预防保健等常见病的诊断和治疗及指导
clinic_web_e0761bc186679dfb,6,0,-0.46794964478337236,0.6950754110055448,0.7466539735555718,-0.44340153910259217,2011年7月-2014年7月，辽宁中医药大学硕士研究生毕业2014年7月-至今沈阳市儿童医院内科工作,擅长儿童呼吸系统及循环系统疾病。尤其对小儿扁桃体炎，肺炎，支气管炎，腹泻，疱疹性咽峡炎，鼻炎，鼻窦炎，胸闷，头晕，心肌炎，川崎病，EB病毒感染等疾病认识独到。
clinic_web_bd51310d3e914433,11,0,0.3399744856733308,0.622314929142009,0.7466539735555718,0.24317642656450533,中国人民解放军总医院博士研究生,双眼皮，隆鼻，隆胸，微整注射等常见整形美容。体表肿物切除修复：恶性黑色素痣，基底细胞癌等恶性肿物切除修复；瘢痕切除修复、软组织扩张器修复；先天性小耳畸形；各种美容手术。
clinic_web_5b416f0e363b84a5,4,0,2.36675404443352,0.6586951700737795,-0.434177641010298,1.880170178766406,1988年毕业于铁路卫校后从事临床诊治工作，多次在地区医院及省医院及北京妇产医院等三甲医院进修，不断提高临床专业理论与操作技能。我用30多年的临床经验，在工作之余为您提供最大帮助，希望我的答复能让您满意，您的支持是我最大动力，同时，“关注我的诊所”，方便您再有问题可以随时找到我，我会继续为您尽力服务!声明:因工作繁忙，针对您的追问，我只要有空就会立即回复，最久不超过4小时。谢谢您的谅解!理解万岁!友谊长存!健康与您同在!,"妇产科炎症的诊治；月经不调及异常出血诊治;流产包括复发性流产丶习惯性流产的处理；计划生育手术;不孕症诊治;更年期综合征诊治等我用近31年工作经验，希望工作之余为您提快帮助，您的“很满意”是我的动力，您的""关注""既方便找到我，又鼓励我更加尽力为您继续提供帮助!!!"
clinic_web_3eb5ed5be88c8636,0,0,-0.08236101100361268,0.11299155609726905,-2.7958408701420376,-0.008668766081940907,河南省中西医结合泌尿外科学会委员，河南省医师协会男科分会委员，郑州市泌尿外科学会委员，河南省老年学和老年泌尿专业委员会委员，河南省中医外科专业会委员，河南省妇幼保健协会女性中医康复专业委员会委员，长期工作在临床一线。,三甲医院，泌尿科副主任，擅长中西医结合治疗前列腺炎，性功能障碍(阳痿，早泄)，性传播疾病（淋病，支原体衣原体感染，尖锐湿疣，梅毒），泌尿系感染，包皮过长，包皮龟头炎，前列腺增生，精索静脉曲张，泌尿系结石等泌尿科和男科常见疾病和疑难杂症。
2c098df264a73b4d46b6,9,0,-0.5367549777253406,0.040231074233733295,0.7466539735555718,-0.5093609943195185,1996年长治医学院毕业，1999年本科毕业，获得学士学位，2005年完成研究生课程。,眼科常见病、多发病的非手术治疗，擅长眼表疾病、屈光疾病及眼底疾病。从事眼科专业20年。
clinic_web_fa2e2aadbeb99583,6,3,-0.3203919832531291,0.6950754110055448,-0.434177641010298,0.12025198729659704,2001年晋升为教授、博士生导师。1990、1999曾两次到日本访问学习。1983年毕业于北京医科大学获中西结合硕士学位。1978年毕业于白求恩医科大学中医系学士学位。,1.应用中西医结合的理论减轻肿瘤患者放、化疗的毒副反应，改善中、晚期肿瘤患者生活质量，改善肿瘤患者所伴有的抑郁、焦虑状态。2.高血压、糖尿病、心脑血管疾病、胃肠功能紊乱、肝气郁结、焦虑抑郁状态等中医内科常见病、多发病的治疗。
clinic_web_6d0d310cc0989097,7,2,2.5543531151896604,0.6950754110055448,-0.434177641010298,0.4830289909896922,毕业于山西医科大学临床医学系，从事儿科临床工作10余年，期间多次进修学习，以及参加儿科消化，呼吸，脑病等的学术研讨。,擅长婴儿喂养，生长发育评估，儿科常见病，多发病尤其是呼吸系统，消化系统疾病的诊断，治疗。尤其是喘憋性肺炎，过敏性哮喘，小儿腹泻病，川崎病，贫血等的预防和治疗。
3d0eb9eeb3e38577dffd,4,1,-0.43367369163272335,0.040231074233733295,-0.434177641010298,-0.4883738949323147,皖南医学院临床专业,妇科常见疾病如阴道炎，子宫肌瘤、卵巢囊肿的诊治，月经不调的诊断和处理，早孕期处理以及其他常见疾病的治疗。
clinic_web_8a0cf4d477c3b2f9,7,0,2.8798796351305747,-1.5604995267640327,-3.9766724847079074,0.9657322768953809,本人毕业于黑龙江中医药大学，博士在读，目前在读书阶段。暂时不在医院出诊。,黑龙江中医药大学毕业，擅长小儿推拿治疗各种疾病，目前博士在读，不在医院出门诊，如果有咨询只限于网上咨询
3edfb86f13e54116f653,6,1,-0.0721605887166358,-0.06890964856156775,-1.6150092555761677,-0.2874973722262207,河北医科大学,中西医综合治疗临床常见病多发病，呼吸系统疾病，泌尿系统疾病，性功能障碍有成熟丰富的经验和治疗效果。对一些儿科呼吸道疾病，胃肠道疾病常见病，多发病有着丰富成熟的治疗经验。
9b6515a6e660d0ef96d2,1,1,-0.535424487861822,0.6950754110055448,0.7466539735555718,-0.48537573787699984,中南大学湘雅二医院住院医师,口腔常见疾病，龋齿，牙髓炎，口腔溃疡，疱疹，扁平苔癣，白斑，口腔癌及颌面部常见肿瘤的诊断，口腔修复。
clinic_web_54ef03c0e9bc71dc,1,3,-0.203372231923649,0.6950754110055448,0.7466539735555718,-0.1735674041242569,医学本科，1998年毕业于河南医科大学口腔系，从医20年，主任医师,蛀牙，牙疼、刷牙出血，智齿冠周炎，洗牙，牙痛，口臭，牙体牙髓牙周病，粘膜病，儿童牙病、骨折、外伤、种植牙、阻生牙，拔牙，牙齿美白美容等等。
clinic_web_d25487fe49603704,3,2,-0.4686465680452155,0.6950754110055448,0.7466539735555718,-0.16157477590299754,2002年本科毕业于浙江大学临床医学系。2003年天津医科大学总医院研修1年。2009年赴日本相泽病院研修半年。2011年天津医科大学肿瘤外科学专业硕士毕业。2017年天津医科大学肿瘤外科学专业型博士毕业。2009年被聘为主治医师。2020年通过天津医科大学肿瘤医院及天津医科大学组织的副主任医师职称考核。,擅长呼吸道、消化道早期肿瘤的内镜下微创治疗及晚期呼吸道、消化道肿瘤的内镜下姑息治疗。
clinic_web_07754142476f0879,5,2,-0.31228233075168166,0.5495544472784732,0.7466539735555718,-0.08961900657544149,梁锦前，副教授，副主任医师，硕士研究生导师，医学博士。北京协和医学院毕业，师从我国著名骨科大家、中国工程院邱贵兴院士及脊柱外科专家沈建雄教授，专业方向脊柱外科。,脊柱开放及微创手术，颈椎病（颈椎间盘突出，颈椎管狭窄），腰椎退行性变（腰椎间盘突出症，腰椎管狭窄症，腰椎滑脱），脊柱骨折，脊柱侧弯，膝、髋关节退行性变，股骨头坏死，脊柱肿瘤，骨质疏松症等疾病
e3eab13b694a3cdd3eef,3,1,-0.5026690945551943,0.6950754110055448,0.7466539735555718,-0.46139048143448114,湘雅医院肿瘤科硕士毕业，目前湘雅医院肿瘤科博士在读,"肿瘤的内科放化疗诊疗措施。2017年在中南大学湘雅医院肿瘤科硕士毕业,目前湘雅医院肿瘤科博士在读中"
clinic_web_a0eb775840d8ba62,7,2,-0.46357803523181085,-0.6873737444016139,-1.6150092555761677,-0.482377580821685,儿科学博士，副主任医师，上海交通大学硕士生导师，临床工作15年，经验丰富。,小儿湿疹，腹泻，便秘，发热，咳嗽，尿路感染，婴儿喂养，血尿，蛋白尿，肾病综合征等。
ae76fc070884afdb77c3,0,1,-0.3405394011864127,0.6950754110055448,0.7466539735555718,-0.34446235627720256,哈尔滨医科大学泌尿外科（男科方向）博士,擅长泌尿外科，男科，阳痿早泄前列腺炎性病包皮龟头炎，包皮包茎，男性不孕不育症及精索静脉曲张，肾结石等泌尿外科疾病的精准治疗。
clinic_web_fb405fa4ea84dec4,0,2,3.8981478773435714,0.33127300168787116,0.7466539735555718,6.851114576478404,毕业于佳木斯大学临床医学专业，本科，多次在北京301医院，北医大男科中心，哈医大二院，伊春林业中心医院，黑龙江省林业第二医院进修学习，经常和男科学带头人郭应禄院士等专家学习交流诊疗经验。,擅长：肾虚，阳痿早泄，包皮龟头炎，前列腺炎，尿道炎，淋病，非淋菌性尿道炎，男性不育，泌尿系感染，结石，前列腺增生，精索静脉曲张，鞘膜积液，包皮过长，腹股沟疝，等疾病的诊治积累了丰富经验
3ee6c9a32fe350c8b9b0,8,1,-0.5136931534243494,-0.9784156718557518,0.7466539735555718,-0.4973683660982592,北京大学医学部皮肤病与性病学博士,本人就职于北京大学第三医院，医学博士。主要擅长银屑病皮肤肿瘤湿疹过敏性疾病皮肤美容等方面
clinic_web_d860af24cddcd5f5,9,0,0.6146889641598635,0.6950754110055448,0.7466539735555718,0.6449294719766934,博士，上海交通大学,擅长近视的防治策略制定，白内障、青光眼、干眼病以及眼底病的诊断和治疗，能够给予专业的眼科指导。真心为您解决眼科方面的痛楚。
clinic_web_67c4d5dd08fdb99f,4,2,-0.00253161919248925,-0.35995157601571076,-0.434177641010298,-0.3924328691622399,1990年广西医科大学临床医学本科毕业，在职研究生学历，从事妇产科临床近三十年,从事妇产科临床近三十年，擅长妇科炎症的诊断和治疗，宫颈癌防治，功能性子宫出血，多囊卵巢综合症等内分泌疾病的治疗。
e1863d75056b5dffe66c,5,1,-0.2961897390691219,-0.6146132625380781,0.7466539735555718,-0.3894347121069251,本科和研究生就读于贵州医科大学,从事骨科专业多年，擅长于骨性关节炎、颈椎病、腰椎间盘突出、腰椎间盘狭窄、肩周炎、四肢骨折、脊柱骨折、骨盆骨折、手外伤、关节运动损伤、骨折术后康复指导等骨科常见病、多发病的诊治，熟悉相关骨科手术如人工关节置换、椎间盘融合、脊柱四肢骨折手术、关节镜、椎间孔镜等。
f7e31e0ec991fff874a6,12,1,-0.4641482451733189,-2.033442658877007,0.7466539735555718,-0.4493978532132218,第四军医大学在读博士研究生,第四军医大学西京医院泌尿外科在读博士研究生，从事泌尿科临床工作3年，精通专业理论，长期研究泌尿系统疾病，对各类尿路感染和前列腺炎有深入研究，特别是性功能障碍，不孕不育方面有着扎实的医学理论知识和丰富的临床经验，深受患者好评
5757c64073d35a73d8e3,9,1,-0.5638082716168881,0.6950754110055448,0.7466539735555718,-0.5213536225407779,重庆医科大学七年制本硕连读生2014至2015学年于华中科技大学进行综合学习2015至2019学年就读于重庆医科大学2019至今于重庆医科大学附属第二医院从事眼科工作,擅长屈光不正（如近视、远视、散光等），屈光不正手术，眼表疾病、眼前节疾病（如白内障等）的诊治
clinic_web_3c8d944448ba68c7,9,2,-0.5586130254831483,0.2948927607561059,-0.434177641010298,-0.5183554654854631,四川大学华西临床医学院医学博士，四级专家，专业方向为斜视与小儿眼科。中华预防医学会公共卫生眼科学分会青年委员，四川省预防医学会眼视觉保健分会委员兼副秘书长，四川省康复医学会眼科分会视光及青少年近视防控专委会委员，四川省0-6岁儿童眼保健和视力检查专家组成员。以第一作者发表sci论文10余篇，主持省级课题2项，参与国家级课题2项。,屈光不正（近视，远视，散光），弱视，斜视，眼球震颤，结膜炎，麦粒肿，霰粒肿等眼病的诊断和治疗
a15a59d491d3782f2e65,7,0,0.2140848019203925,0.040231074233733295,0.7466539735555718,-0.18556003234551624,上海交通大学医学院博士毕业,上海交通大学医学院儿科学博士毕业，擅长儿内科各项常见病的诊断治疗，例如呼吸道感染、肺炎、腹泻等，尤其对儿童贫血、出血、溶血、白血病、实体瘤等有独到的见解。
clinic_web_68fa178a238443cc,8,0,-0.16155683621306052,0.6950754110055448,-0.434177641010298,0.20719854190072728,暂无信息,艾滋病，恐艾心理咨询，高危行为评估，艾滋病检测，艾滋病暴露后预防，梅毒，淋病，生殖器疱疹，尖锐湿疣等。
clinic_web_b1801427139dfa78,13,0,5.5653150329927,0.6950754110055448,0.7466539735555718,2.680678112535467,毕业于广州医科大学硕士，毕业后一直从事产科临床工作，产科急危重症，围产医学，产前诊断。不孕不育等,复发性流产，妊娠合并症(糖尿病、高血压、肝功能异常等)，孕产妇保健，产后随访、复发性流产，不孕症，宫颈及盆腔疾病，阴道炎诊治，普通妇科，妇科肿瘤，月经失调，盆底疾病，欢迎各大病友咨询，我将给予你专业的建议
2a82a178d3baa9a7b308,5,0,0.7602825692249124,0.5495544472784732,0.7466539735555718,0.6029552732022857,解放军第四军医大学学士，解放军医学院、解放军总医院骨科专业硕士，第三军医大学野战外科毕业。从事骨科临床工作多年，具有丰富的临床诊疗经验，多次参加全国学术会议并做发言，核心期刊发表学术论文数篇。多次参加全军训练伤防控工作，具有丰富的运动伤防控经验。,从事骨科临床工作十余年，临床经验丰富，擅长骨创伤的治疗与康复，脊柱疾病的诊断与治疗，腰椎间盘突出，颈椎病的治疗与术后康复，骨关节炎，关节退行性变，半月板损伤的诊断与治疗，肩周炎的诊疗与康复。颈肩腰腿痛的美式手法治疗。
clinic_web_78e2af50a7760bbd,2,0,0.03725636339273735,-2.1425833816723086,-0.434177641010298,0.12025198729659704,2005年至2010年就读于潍坊医学院临床医学本科专业，2010年至2013年就读于天津医科大学研究生院感染病学专业，同时当时于天津市传染病学习。,慢性乙型肝炎、肝硬化、肝癌、抗生素应用、发热待查、手足口病、病毒感染及各种感染性疾病
5330ed0e1d5fae0c9fa8,6,0,-0.4616773354267841,-0.06890964856156775,0.7466539735555718,-0.500366523153574,硕士研究生，中西医结合专业。从业十余年，有一定的临床心得。,擅长急慢性疾病的中西医综合诊治。努力为患者及咨询者提供专业的帮助。为人们健康加油。
76896e2c6b15cd1635fb,5,0,-0.4960166452376007,0.18575203796079964,-0.434177641010298,-0.45239601026853665,南京医科大学,多发伤的抢救和综合诊治，脑外伤的手术和术后综合治疗，常见外科急症的治疗。
clinic_web_df96b8c99a452f47,2,1,-0.18183096746667918,-3.706933741738304,0.7466539735555718,-0.3144807857240542,2013年毕业于南华大学，毕业后入解放军169医院（三甲医院）感染内科工作,熟悉肝炎及肝硬化，肺结核，不明原因发热等感染性疾病专业的诊断及治疗，擅长肝硬化及难治性腹水的诊疗及鉴别诊断。
clinic_web_d9e99c6eb2241624,0,2,-0.026987290017166744,-0.03252940762980246,0.7466539735555718,0.09027041674344868,泌尿男科医学硕士，从事专业本专业14年，曾在北京大学男科中心、武汉同济医院进修学习,湖北医药学院讲师，附属十堰市人民医院男科副主任医师。擅长处理勃起功能障碍、早泄、男性不育（少弱精症）、男性生殖器畸形整形手术、泌尿生殖系统感染及青春期心理咨询。
clinic_web_fe7de4514fc672a5,8,0,-0.02464309359096709,0.18575203796079964,-0.434177641010298,0.28814878239422786,医学博士，毕业于复旦大学上海医学院皮肤病与性病学专业，目前就职于复旦大学附属华山医院皮肤科（华山医院皮肤科连续11年位列《中国医院最佳专科》声誉排行榜全国第一）。,医学博士，主治医师。擅长白癜风等色素性皮肤病，硬皮病、红斑狼疮、皮肌炎等自身免疫性疾病，手术治疗各种良恶性皮肤肿瘤（色素痣、囊肿、纤维瘤等等），皮肤影像学技术（皮肤镜、皮肤CT和皮肤B超）诊治皮肤病，以及湿疹、荨麻疹、过敏性皮炎、痤疮、毛囊炎、带状疱疹/单纯疱疹、寻常疣/扁平疣/跖疣/传染性软疣、手/足癣/股癣/体癣等各种常见皮肤病的诊治。
16b7f013b0b147c16510,1,1,-0.524653855633337,0.6950754110055448,0.7466539735555718,-0.45539416732385146,南华大学口腔医学专业,成人及小儿口腔粘膜疾病，龋齿，牙周炎，口腔肿物，智齿冠周炎，干槽症，唇舌系带过短，口腔健康保健等小儿及成人各类口腔问题咨询
clinic_web_3830bc69e71408b2,0,3,-0.48727342613447766,-1.4513588039687317,0.7466539735555718,-0.3414641992218877,上海市男科学研究所副所长;欧洲泌尿外科学会会员、国际性医学会会员;中国性学会理事、性医学专业委员会常委、性治疗组组长;中华泌尿外科学会基础研究学组委员;医促会生殖医学分会委员;中国非公医疗机构男科分会委员;国家自然科学基金评审专家;上海性医学会专业委员会副主任委员;上海市孕前检查男性生育力评估专家;《中华生殖与避孕杂志》、《中国男科学杂志》、《中华男科学杂志》编委;《上海交通大学学报医学专版》、《复旦大学学报医学版》审稿人;上海交通大学通识教育核心课程专家组成员;2010年晋升为主任医师;2000年毕业于上海第二医科大学(现上海交大医学院)，获医学博士学位。,手淫、性功能障碍（勃起、早泄及不射精等）、性欲减退、性瘾、男性不育、前列腺增生、前列腺炎、附睾炎、包皮等，腔内泌尿外科手术治疗膀胱、尿道、输尿管以及肾脏疾病，夫妻性不和谐、青少年性问题等诊断治疗。
clinic_web_d5cce45673ab6510,0,3,2.4792121162309364,0.36765324261963644,0.7466539735555718,4.770393580089908,医学本科,生殖医学，不育症诊疗，性功能障碍，男科疾病，擅长男科疾病尤其是男性不育症诊疗，从医20余年，临床经验丰富。
clinic_web_ce3f20e3fb4303c5,0,0,-0.35162681671573537,-0.10528988949333822,0.7466539735555718,0.0992648879093932,广州中医药大学硕士毕业,"1、男性不育症（少精、弱精、畸精、死精、无精、精液不液化、精子碎片化等）；2、勃起功能障碍（阳痿）；3、射精功能障碍（早泄、不射精、射精痛、射精困难等）；4、前列腺炎,睾丸附睾炎症,尿道炎症（尿道炎、支原体感染、衣原体感染等）；5、大龄晚育、二胎优生咨询、辅助生殖技术（人工授精、试管婴儿等）咨询。周一至周五上午、周三、周六全天门诊全天门诊！电话咨询请安排在晚上八点后，谢谢！"
76a8f31446b9dd44b982,7,1,2.3808825796508857,-0.06890964856156775,-0.434177641010298,0.18621144251352345,暂无,"小儿癫痫，缺氧缺血性脑病，脑瘫，发育迟缓，多动症，抽动症，智力低下，孤独症，甲减，桥本氏病，甲亢,唐氏综合征，苯丙酮尿症，蚕豆病，地中海贫血，生长激素缺乏症，有新生儿黄疸,新生儿颅内出血,新生儿窒息，小儿肺炎，上呼吸道感染，支气管炎，支气哮喘，小儿便秘，小儿腹泻，婴幼儿缺钙，儿童营养不良，青少年痤疮。青少年焦虑，青少年抑郁，青少年精神分裂。"
clinic_web_7b18ec461c75895a,3,2,-0.29733015895213794,-0.6509935034698486,-0.434177641010298,-0.3324697280559432,天津市医学专科学校毕业。曾在2004年，在天津市肿瘤医院全国腹部肿瘤学习班学习一年获得结业证书。曾在2005年，在天津市肿瘤医院肿瘤介入治疗科学习。获得结业证书。曾在2016年，在天津市肿瘤医院放射治疗科学习一年。获得结业证书。,"各种胃病、胃肿瘤、结肠肿瘤、胆囊息肉、胆囊结石、肝肿瘤、胰腺炎、胰腺肿瘤、甲状腺结节、乳腺炎、乳腺增生、乳腺肿瘤、前列腺癌，肛门、直肠疾病、腹股沟疝、切口疝、静脉曲张、淋巴结肿大、外伤等等。请关注我，我会经常定期义诊的，我把我的业余精力大部分倾注在为患者解答问题，收获的""很满意""就是对我的奖励。我会第一时间解答你的问题，因为我还有我的工作，特别是因为手术不可能及时回复，请不要责怪我哦。"
c967af6886756561898d,2,3,-0.41644068006714746,-1.1603168765145886,-0.434177641010298,-0.38044024094098056,先后毕业于新乡医学院临床医学专业、河北医科大学中医专业、郑州大学法律专业，具有医学法学双学士学位、临床类和中医类双医师资格证书，国家二级心理咨询师。能熟练运用临床医学、中医学、心理学等治疗方法治疗内科、心理方面的疾病。,神经内科主任医师，国家二级心理咨询师。尤其擅长：一、头痛、头晕、抑郁、焦虑、失眠、脑梗塞、脑出血、脑供血不足、糖尿病神经病变、高血压病、高脂血症、癫痫、痴呆、面瘫、颈椎病等内科疾病的中西医治疗。二、强迫症、疑病症、恐惧症、性心理问题等心理障碍方面的问题的咨询治疗。
5a031d2d1352b3bcb8dd,0,0,-0.49012447584201774,-0.1416701304251035,0.7466539735555718,-0.3834383979962954,2005年9月至2013年7月就读于山东中医药大学。目前就职于中信湘雅生殖与遗传专科医院，从事辅助生殖助孕工作。,擅长男性生育生殖健康咨询及试管婴儿咨询！擅长附睾穿刺、睾丸穿刺手术，手术累计超过3000人次！
clinic_web_02090551007511e0,7,0,2.0749966243619142,0.6950754110055448,0.7466539735555718,1.5833526302902372,毕业于北京大学医学部，为临床医学博士，现就职于北京大学人民医院儿科,擅长新生儿相关疾病、小儿血液病，小儿感冒，发烧，腹泻，咳嗽，以及婴幼儿喂养，生长发育辅导及小儿常见病、多发病的诊断及治疗，同时作为一个小女娃的妈妈，支持科学育儿，希望和宝妈们分享更科学的育儿方法。
d092ef75be3ac06a4ce4,5,1,-0.4476755135297537,0.6950754110055448,-0.434177641010298,-0.36844761271972126,陕西中医药大学本科毕业，从事骨科临床6年。,专注于四肢、关节创伤的诊断与治疗，运动损伤疾病的诊断与治疗，擅长治疗颈椎病，腰椎间盘突出症，类风湿性关节炎，强直性脊柱炎，风湿病，痛风，骨关节病，骨质疏松，股骨头坏死各类疾病；擅长小儿滑膜炎；擅长中医正骨手法复位，治疗四肢常见骨折，脱位等骨科疾病。
20f2b3e762f11e87b927,6,1,-0.3717742346490189,0.07661131516549859,-0.434177641010298,-0.3474605133325174,河南中医药大学中医学本科专业，曾在河南省中医院跟师学习。,上学期间曾跟师名老中医坐诊，擅长治疗中医内科杂病，发热、咳嗽、感冒、肝胆湿热、脾胃部不适等疾病。
1670d861d5a06fa8a9d9,9,1,-0.2018516720796276,0.33127300168787116,0.7466539735555718,-0.2605139587283871,大学毕业于滨州医学院，研究生毕业于温州医科大学,滨州医学院本科毕业，温州医科大学硕士研究生毕业，擅长白内障，青光眼，各种眼表及糖尿病视网膜病变等眼底病，飞蚊症，屈光不正，近视眼手术等
clinic_web_bc31dffd1b48cc0d,1,1,-0.08483192075014745,0.6950754110055448,0.7466539735555718,-0.08062453540949698,山东大学口腔医学博士,牙周炎，牙龈炎，洗牙，口腔溃疡，唇炎，根管治疗，补牙，牙龈肿痛出血，蛀牙，唇疱疹，智齿冠周炎等
838af731ec54fbd959b2,1,0,-0.45622866265237405,0.33127300168787116,-0.434177641010298,-0.47937942376637016,2002年毕业于山东大学口腔医学院，从事口腔工作至今。,2002年毕业于山东大学口腔医学院。牙体牙髓病，牙周病，拔牙术，复杂智齿拔除，口腔颌面部外伤肿瘤。
clinic_web_6773d4a9f1dec554,12,0,-0.5589931654441536,-1.8515414542181705,-0.434177641010298,-0.5243517795960927,2007年毕业于兰州大学临床医学院.2007年至2010肿瘤外科骨科普外科泌尿外科心胸外科轮转学习，2010至2018主要从事乳腺肿瘤胃肠道肿瘤诊断治疗，2018年上海华山医院学习半年普外科常见病多发病的诊断治疗！,乳腺增生疾病，乳腺癌手术，乳腺癌术后治疗以及靶向治疗，胃肠道疾病，胃恶性肿瘤得手术治疗结直肠疾病的诊断治疗！
3402c7f89612242a2783,2,1,-0.2896006464116958,0.2585125198243354,-0.434177641010298,-0.3984291832728696,本科就读皖南医学院后读研究生13年毕业后到上海长海医院进修工作五年之久,消化科专科疾病的诊治，如上消化道出血、下消化道出血、不明原因的小肠出血、肝硬化、溃疡性结肠炎、克罗恩病、胃息肉，结肠息肉、急性胰腺炎等，普通及无痛胃肠镜擅长各种消化道疾病的诊治及内镜下治疗
f45aec8158eadc0f5a71,1,0,-0.546321833410642,0.6950754110055448,0.7466539735555718,-0.5213536225407779,师从第四军医大孟勇博士学习系统化正畸。,主治医师，丰富的口腔内科临床经验，擅长牙体牙髓疾病、前牙美容修复等治疗。擅长儿童及成人各类错合畸形的诊断与治疗，包括儿童预防及阻断性矫治、青少年矫治、成人矫治。隐形时代天使认证医师，澳洲MRC肌功能矫治认证医师
clinic_web_75d0ccb7e8b77878,4,0,-0.031865752850068735,-2.215343863535844,-0.434177641010298,0.08127594557750417,毕业于四川大学华西临床医学院，后进入重庆医科大学攻读妇产科研究生并留院工作。,擅长女性妇科炎症，子宫肌瘤，子宫内膜异位，异位妊娠等妇科疾病诊治。对女性月经紊乱、女性不孕的诊治有丰富的经验。
c583ee6941836efbf0d2,1,3,-0.30791072120012014,0.5859346882102437,-0.434177641010298,-0.24552317345181296,1984——1989南京医科大学口腔系学习获得学士学位2002——2005南京医科大学硕士研究生学习获得硕士学位,擅长:儿童牙病，根管治疗，智齿、多生牙微创拔除。荣获中国社科院健康发展研究中心和好大夫在线共同评选“2017、2018、2019、2020年度好大夫称号”；“2017年度医生品牌”等荣誉。江苏省口腔医院是三甲公立口腔医院。
c142c2528fd3aa975dc3,3,1,-0.5295956751264066,0.6950754110055448,0.7466539735555718,-0.4913720519876295,河北医科大学临床学院本科，广东药科大学内科学（肿瘤方向）硕士研究生，中山大学附属第六医院三年工作经验,擅长鼻咽癌，直肠癌，结肠癌，食管癌，胃癌，宫颈癌，乳腺癌等恶性肿瘤的诊断与治疗。
b7eaaa7b271875d6b108,7,1,-0.07456814180300302,0.6950754110055448,-0.434177641010298,-0.3894347121069251,2015年毕业于皖南医学院,新生儿及儿科的常见疾病，喂养，护理等
clinic_web_7d5264d300427ca2,10,0,-0.32691771925038765,0.6950754110055448,0.7466539735555718,0.012318333305262946,1994年毕业于西安交通大学临床医学专业,耳鼻咽喉头颈外科常见及多发病，长期从事耳鼻咽喉头颈外科工作，对常见病多发病有一定的诊疗经验，对疑难杂症有自己的方法和见解。临床经验比较丰富。
clinic_web_3a6f943ef54e6370,3,2,0.2409480258314372,0.07661131516549859,0.7466539735555718,0.2401782695091905,96年中山医科大毕业，2001年广东省人民医院肿瘤科进修,头颈部癌(舌癌、鼻咽癌、上颌窦癌、甲状腺癌)、肝癌、肺癌、宫颈癌等恶性肿瘤的介入治疗，腰椎间盘突出、输卵管造影、支扩肺咯血、脾亢、肝肾出血、子宫肌瘤、宫外孕、血小板减少症等非肿瘤治疗，胆结石、急性梗阻性胆管炎、胆囊炎非血管急症治疗
clinic_web_41e024eb1584c260,13,2,-0.452363906382153,-0.21443061228863927,0.7466539735555718,-0.42541259677070314,2004-2007北京协和医院妇产科博士研究生,产科常见病及疑难病的诊治。妇科内分泌相关问题
clinic_web_04e8f9c3b9b883b2,6,0,-0.051633030822346916,0.6950754110055448,0.7466539735555718,0.9087672928443989,毕业于北京中医药大学,本人出生于中医世家，自幼学医，饱受庭训，对内、外、妇、儿皆有研习。常用经方起沉疴。内科：感冒、咳嗽、头疼、产后病、胃病、糖尿病、心脏病、失眠、便秘、腹泻；男子遗精、早泄、前列腺病等；妇科：月经不调、痛经、不育不孕等；外科：湿疹、荨麻疹、痤疮、脱发、癣等皮肤病；儿科：擅用《三字经》流派小儿推拿手法治疗：小儿感冒、发热、咳嗽、腹泻、便秘、厌食、遗尿、多动症、夜啼等疾病。
7665103dfab708cfc6ae,2,1,-0.4593331390005844,0.36765324261963644,-0.434177641010298,-0.4404033820472773,毕业于中国医科大学，并取得硕士学位。,擅长高血压、冠心病、心肌梗死、高血脂、心律失常、房颤、先天性心脏病、肺动脉高压、心肌病、心力衰竭等心内科常见病的诊治。熟悉呼吸、消化、内分泌系统等内科常见病的诊断及治疗。熟练解读各种检查化验，提供健康咨询和管理建议。
clinic_web_ea48072ec7c55728,4,0,2.3683379609377093,-1.3422180811734254,-0.434177641010298,0.9387488633975473,医学博士,常见妇科疾病，擅长习惯性流产，不孕不育，子宫肌瘤、卵巢囊肿、内膜异位症、孕产期相关疾病和月经失调等疾病的诊治。
5c0227dfdca5e5fe8732,9,3,-0.12094521704565567,0.22213227889257012,-0.434177641010298,-0.24252501639649812,毕业于川北医学院临床医学，本科学历。先后两次到四川省人民医院心内科进修学习。2015年晋心内科副高。2020年取得全科医生证。,擅长心内科常见病，多发病。比如高血压，冠心病，心脏瓣膜病，心律失常，急慢性心衰的诊断治疗，神经内科常见脑动脉供血不足，脑梗塞，脑出血及常见并发症处理。
32ad843a473f7133da3e,2,1,-0.42410683594742205,-0.6146132625380781,0.7466539735555718,-0.47638126671105535,吉林大学硕士,胃炎，消化不良，肝癌，肝硬化，腹水，病毒性肝炎，乙肝，丙肝，胆囊炎，黄疸，消化性溃疡，胃癌
clinic_web_1d86d9bd124f9db4,0,0,3.5404361740375374,-0.6509935034698486,-0.434177641010298,1.6223286720093302,2003年本科毕业2011年硕士毕业,性病，阳痿，早泄，不孕，不育，肾输尿管膀胱结石，肿瘤，结核，肾积水，炎症，前列腺增生。
clinic_zhongyike_zhouyuchun,0,2,6.328382648050772,0.11299155609726905,0.7466539735555718,4.446592618115906,2000-2003年南京中医药大学硕士师从翟亚春教授。2003年09月留校工作，开办南京中医药大学生殖医学专业。2004年01月江苏省中医院男科临床工作。2006年9月考入南京大学医学院攻读博士师从著名男科学者黄宇烽教授。2007年3月创办南京中医药大学男科研究所。2008年09师从全国名中医徐福松教授师带徒学习。2017年8月全国第六批名老中医学术继承人师从徐福松教授。,南京中医药大学副教授/副主任医师，中华男科学杂志编委/责任编辑，中华中医药学会男科分会委员，中国中医药促进会男科与生殖医学专业委员会常务委员，中国中医药信息会男科分会理事，江苏省中西医结合学会男科分会委员，江苏省中医学会男科分会委员。全国名老中医学术继承人，曾先后师从男科泰斗黄宇烽徐福松教授。擅长处理难治性早泄、勃起功能障碍（阳痿）、前列腺炎、男性不育症（如重度少弱精子症）及中医药综合调理（如肾虚体质）等。从医严谨的同时可将复杂的医学问题深入浅出的讲解给患者；是多家期刊、报纸、网站的受邀科普专栏作者；曾回复过大量的患者网络、电话及视频咨询。
f4bd5fb888ea348fada1,4,2,-0.43075928526501567,-0.03252940762980246,0.7466539735555718,-0.47638126671105535,浙江大学医学院妇产科学博士；美国MD安德森癌症中心访问学者,妇科炎症，hpv感染及宫颈疾病，卵巢囊肿，妇科内分泌，妇科肿瘤，计划生育，不孕症，妊娠相关疾病
331c9d0c4d9bf7052cf5,6,0,-0.15655166005982343,0.36765324261963644,-0.434177641010298,-0.47937942376637016,湖北中医药大学(本科),擅长诊治小儿常见病、多发病的诊治。特别对呼吸、消化系统疾病。对小儿危重症的诊治有较深的造诣。
84e837d59da02e20a8c9,1,1,-0.5347275645999788,0.6950754110055448,0.7466539735555718,-0.5033646802088889,五年制口腔医学教育。中南大学湘雅医院口腔全科住院医师,主攻口腔黏膜溃疡、疼痛等疑难杂症的诊治，对舌癌，唇癌，颊癌，口腔黏膜白斑、口腔黏膜纤维化，复发性溃疡，口干综合症，扁平苔藓、溃疡性疾病、念珠菌感染性口炎，颌面部肿瘤，各类唇腭裂及牙槽嵴裂修复，智齿冠周炎，各类阻生牙拔除，牙周炎，牙龈炎，牙髓炎，根尖周炎以及根管治疗，补牙等疾病的治疗
d99533b24c0a010487d0,1,1,-0.5565856123577864,0.6950754110055448,0.7466539735555718,-0.37744208388566575,中南大学湘雅二医院住培医师,擅长口腔全科治疗计划，口腔肿瘤，口腔牙周科，儿童口腔医学，口腔黏膜疾病的诊治。
clinic_web_36eda7b76466c002,3,0,-0.5200921761012728,-0.5054725397427772,0.7466539735555718,-0.45539416732385146,复旦大学肿瘤学博士。,"1.CT或B超引导下实体肿瘤的精准穿刺活检。2.多路径静脉输液港（PORT）植入术。3.常见恶性肿瘤的内科治疗（化疗、靶向及免疫治疗），尤其是骨与软组织肉瘤及骨转移癌的综合治疗。4.实体肿瘤的微创治疗（介入、射频消融，微波，HIFU及PVP等）。5.部分小众或罕见肿瘤（xp11.2异位/TEF3融合肾癌,上皮样血管内皮瘤/外皮瘤,透明细胞肉瘤,假肌源性血管内皮瘤,肺动脉内膜肉瘤,色素沉着性恶鞘等）的诊治。"
93e8b841181fd4298d77,5,2,-0.27889337084337845,0.4040334835514069,-0.434177641010298,-0.281501058115591,第一军医大学学士第一军医大学硕士中山医科大学博士,下肢畸形，儿童骨科。。腰椎间盘突出，颈椎病，骨肿瘤，先髋脱位，下肢肿瘤，腰痛，关节炎，股骨头坏死，关节置换，四肢畸形，O型腿，X型腿，肢体不等长，骨肉瘤，尤文肉瘤，转移癌，髂骨炎
clinic_web_d006dcbcb026652a,0,0,2.794284787244204,-0.796514467196915,-0.434177641010298,2.206969297795723,主治医师，男科主任，安徽中医药大学首届男科硕士，从事男科十余年，中华中医药学会男科学会青年委员，中华中西医结合医学会男科学会青年委员，安徽省中医男科学会委员，在国家级省级医学期刊杂志发表论文多篇，负责省级科研基金一项，多家互联网注册咨询专家，擅长中西医结合治疗男科疑难杂症，已为数十万名男性患者提供男性生殖健康咨询坐诊时间：周一下午周二上午，周六下午，周日上午，三四五全天门诊,男科硕士，不孕不育、前列腺炎、包皮龟头炎、阳痿早泄、尖锐湿疣、生殖器疱疹、淋病等男科疑难杂症
clinic_web_8e1db607a850d9c1,2,3,0.44045814869907823,0.18575203796079964,0.7466539735555718,0.89077835051251,硕士研究生毕业，教授。毕业后30多年来一直在三级医院从事消化系统疾病的临床诊疗工作。,硕士，消化科工作30多年。擅长胃肠肝胆胰疾病诊治，如急慢性胃炎胃溃疡、溃疡性结直肠炎、消化不良、腹泻、胃肠肿瘤、肠易激惹综合征；胆囊炎胆结石、肝硬化、消化道出血、胰腺炎；病毒性肝炎、酒精性肝病、药物性肝损伤、自身免疫性肝病、肝衰竭、肝癌等。熟练掌握胃镜、胰十二指肠镜、结肠镜、胆道镜等检查及相关疾病的镜下治疗，如食管胃静脉曲张出血、胃息肉、肝外胆管结石、结直肠息肉等的治疗。对亚健康状态的诊治有独到的见解。请关注我，以方便咨询。胃肠道疾病的治疗，不能仅仅依靠药物，需要综合治疗与调养。
clinic_web_734b2458d17fefb1,1,0,0.17258618951064184,0.4040334835514069,0.7466539735555718,0.3750953369983581,潍坊医学院本科毕业，曾于青岛市口腔，潍坊人民医院学习！！！希望咨询过程为您提供非常满意的服务体验，问题关闭前有任何问题及时联系，一定尽全力为您解惑答疑。您的评价和认可是医生在平台坚持工作的巨大动力！😜感谢支持和理解！温馨提示：很满意（好评）满意（中评，系统扣分）不满意（差评，系统扣分）,口腔全科医师，多年工作经验，擅长修复，牙体牙髓。青州市立医院，口腔为重点科室，设备先进，技术一流，希望给您解除牙齿带来的苦恼
c456214d47eefdf5bb8a,3,0,-0.48847720267766126,0.5495544472784732,0.7466539735555718,-0.45239601026853665,2013年成都医学院本科临床医学毕业。2017年住院医师规范化培训结业。2020年通过大内科主治医师考试。2021年通过肿瘤科主治医师考试。,防癌，抗癌！擅长肿瘤标记物解读，肿瘤TNM分期解读，肿瘤基因检测报告解读，规范的化疗、免疫治疗、靶向治疗。癌痛规范治疗。淋巴结肿大分析。肺磨玻璃结节、肺占位、肺癌。乳腺包块、乳腺结节（BI-RADS分级）、乳腺癌。肝占位、肝肿瘤、肝癌。胃不典型增生、胃癌。食管不典型增生、Barrett食管、食管癌。大肠占位性病变、大肠腺瘤、大肠（低中高）级别上皮内瘤变、肠癌。卵巢癌。宫颈（低中高）级别内瘤变、宫颈CIN分级（Ⅰ级、Ⅱ级、Ⅲ级）、宫颈癌疫苗选择、宫颈癌。鼻咽癌等等。。。争取您的好评，是我最大的动力和对我最大的帮助。
clinic_web_7e6f0be45fc38187,3,2,-0.5381488242490269,0.6586951700737795,0.7466539735555718,-0.5033646802088889,医学博士，肿瘤学博士后，山东省肿瘤医院副主任医师。,擅长中晚期肺癌、食管癌、胃癌、结直肠癌的个体化化疗、靶向治疗、免疫治疗；擅长运用中医中药配合化疗靶向免疫减毒增效；善于运用中医药放化疗后及术后长期维持巩固治疗。
04c580dbeb2007220555,7,0,-0.5038728710983779,-0.2508108532204046,-0.434177641010298,-0.5153573084301482,1994年上海第二医科大学儿科系毕业，在新华医院工作至今，2006年去香港玛丽医院进修。,临床工作20多年，经验丰富，擅长小儿呼吸道感染(反复咳嗽，疱疹性咽炎，肺炎等)，血液肿瘤疾病(贫血，白血病，恶性肿瘤等)，消化系统疾病(消化功能不良，腹泻，便秘)等诊治。
f47b43b6442ef8db1477,3,0,-0.49069468578352576,-0.6146132625380781,0.7466539735555718,-0.5153573084301482,2008年毕业于中国医科大学临床医学专业。附属医院主治医生，2008至今在盛京医院工作，多年内科及肿瘤临床经验。,内科及肿瘤相关疾病的诊治。癌痛及其他疼痛的治疗。
97d3d683e1f039c3f2fe,2,2,-0.32571394270720405,0.040231074233733295,0.7466539735555718,-0.37744208388566575,毕业于川北医学院临床医学，本科学历。先后两次到四川省人民医院心内科进修学习。2015年晋心内科副高。2020年取得全科医生证。,擅长心内科常见病，多发病。比如高血压，冠心病，心脏瓣膜病，心律失常，急慢性心衰的诊断治疗，神经内科常见脑动脉供血不足，脑梗塞，脑出血及常见并发症处理。
